ID,Description,GeneRatio,BgRatio,pvalue,p.adjust,qvalue,geneID,Count
rno04015,Rap1 signaling pathway,43/814,213/8998,3.3702227459960835e-7,1.0953223924487271e-4,8.017582532580157e-5,25513/81531/171337/308995/83502/24654/84006/78965/114705/81757/29316/245903/24596/25267/114111/295378/24525/362279/81649/310533/170911/116546/24329/24482/25317/25248/25289/113970/307403/24954/24242/24244/50663/89811/315776/81511/287876/116590/81822/311163/114110/114633/25022,43
rno04010,MAPK signaling pathway,51/814,294/8998,3.5529959905117648e-6,5.773618484581618e-4,4.2261952308192576e-4,171337/29658/303604/29717/25579/78965/140926/300980/314322/309165/501099/24494/303823/94202/313845/24667/171492/24596/25267/497961/114111/24592/306243/24525/81649/310533/363855/24329/24482/25317/29748/114120/307403/499497/25398/24954/116600/89811/116554/25597/308267/29477/116590/317203/25676/114110/311743/24666/29716/311622/25022,51
rno04550,Signaling pathways regulating pluripotency of stem cells,30/814,142/8998,7.870140084063414e-6,7.13942943980832e-4,5.225946731649167e-4,25513/681740/306571/686117/64444/689883/59328/307829/81680/100360552/29263/303251/85435/24525/81649/170911/245921/24482/307151/79558/24205/81507/64558/303181/25587/291023/116590/303811/25022/25509,30
rno05100,Bacterial invasion of epithelial cells,20/814,77/8998,1.0849024357932652e-5,7.13942943980832e-4,5.225946731649167e-4,25513/83800/307505/83502/25751/56003/310460/289820/170911/361388/315346/316258/305227/679845/363542/287876/81822/360854/691335/360820,20
rno04014,Ras signaling pathway,42/814,234/8998,1.098373759970511e-5,7.13942943980832e-4,5.225946731649167e-4,25513/171337/79121/29354/78965/309165/81757/313845/24356/304883/24596/25267/114111/24592/24525/170911/361388/116546/24329/24482/25317/114120/307403/296078/24954/679845/24242/24244/50663/89811/116554/25597/311450/81511/687346/116590/25676/114110/114633/79218/311622/25022,42
rno04660,T cell receptor signaling pathway,24/814,104/8998,1.3401060980190453e-5,7.258908030936495e-4,5.313403125479022e-4,25513/301626/25660/314322/85420/309165/311658/313845/295378/81745/24525/81649/170911/363855/25325/29748/64545/171136/296078/116554/311450/81511/116590/24497,24
rno05200,Pathways in cancer,77/814,538/8998,2.5581618495758188e-5,0.0010798302149521352,7.904182302159759e-4,25513/679869/25473/317673/266802/297437/307505/84405/313929/83502/24654/24790/362489/100360218/252963/314322/29560/362788/308457/81717/309165/25496/690369/192362/81757/25400/24335/360606/313845/50662/25664/100360552/24356/78963/24716/25267/114111/311332/83840/303251/294797/24525/170911/116546/24705/24329/24482/313575/25317/84023/25289/114120/29492/307403/25271/24205/63879/84584/24242/24244/50663/64558/89811/116554/24326/25094/303181/299331/116590/24497/140589/303811/114110/79218/311622/25022/287280,77
rno04390,Hippo signaling pathway,31/814,158/8998,2.6580436060360255e-5,0.0010798302149521352,7.904182302159759e-4,679869/315648/317673/307505/257646/25576/24668/83502/84006/85265/100360552/360920/56011/246255/303251/362279/25317/64462/24205/81507/64558/303181/25587/305025/287876/24617/81822/316101/303811/314259/117256,31
rno05202,Transcriptional misregulation in cancer,35/814,194/8998,5.271053420285919e-5,0.0019034359573254708,0.0013932842958884418,297099/311876/686117/317376/24790/362489/192352/309165/315606/360635/79242/497881/310687/50662/25664/502935/100911668/170909/24596/362831/24705/315291/24482/307151/29628/307403/25271/114502/499497/114634/362316/25094/63840/25587/100310845,35
rno05235,PD-L1 expression and PD-1 checkpoint pathway in cancer,20/814,89/8998,1.0283130327126145e-4,0.003342017356315997,0.002446302583084746,25513/266802/303604/301626/25660/314322/29560/85420/309165/311658/83840/24525/81649/170911/24329/29748/363328/680127/81511/116590,20
rno05135,Yersinia infection,26/814,135/8998,1.600665615235056e-4,0.004432455143929597,0.0032444853847063606,25513/79121/360620/314322/309165/24494/311658/289820/295378/81649/170911/65172/363855/315346/25325/363328/116554/308267/207122/81511/287876/116590/317203/81822/360854/360820,26
rno04024,cAMP signaling pathway,37/814,221/8998,1.6490437258786337e-4,0.004432455143929597,0.0032444853847063606,25513/171337/24668/84396/24167/29629/24215/29693/314322/309165/50681/25400/25411/24603/170899/63885/295378/81648/170911/29628/25289/24324/25229/24242/24244/50663/116554/24326/59266/116590/58971/360616/140589/114633/29716/24166/366270,37
rno04924,Renin secretion,17/814,72/8998,1.7729820575718386e-4,0.004432455143929597,0.0032444853847063606,24167/24654/81742/497757/24603/84023/25289/29748/24324/25523/24242/24244/50663/24326/29716/24166/366270,17
rno01522,Endocrine resistance,20/814,94/8998,2.2702052196439117e-4,0.005270119259887652,0.003857641952176873,25513/24790/314322/25496/313845/311332/83840/24525/81649/170911/25433/24329/24482/25289/29492/84584/679845/116554/116590/363026,20
rno04919,Thyroid hormone signaling pathway,24/814,124/8998,2.6150836013765085e-4,0.005666014469649102,0.004147430834463796,25513/360817/24831/313929/679693/84396/24654/29693/29560/25496/303403/81745/24525/170911/317343/29492/25271/84584/301164/24640/287876/116590/81822/114633,24
rno04151,PI3K-Akt signaling pathway,51/814,345/8998,2.791561532300281e-4,0.0056703593624849455,0.004150611225656997,24684/25513/303565/25473/315648/25576/78965/287871/690987/309165/29195/64226/192362/294337/24335/360606/313845/60445/24596/25267/56011/246255/114111/83840/294797/81745/498949/24525/170911/78975/315346/24329/24482/25317/113970/114120/307403/25271/24718/25229/24954/60430/89811/207122/299331/116590/114110/79218/363122/25022/117256,51
rno04713,Circadian entrainment,20/814,98/8998,4.064499152072466e-4,0.007770366026020891,0.005687782095160231,29717/24167/24654/29629/314322/25400/497757/29628/25289/114120/25523/24242/24244/50663/63840/64455/116590/79218/29716/24166,20
rno05133,Pertussis,16/814,73/8998,6.651285273056524e-4,0.010798290735269505,0.007904173947112254,192262/84405/314322/309165/24508/24494/81649/315346/25325/363328/24242/24244/50663/116554/680127/116590,16
rno04728,Dopaminergic synapse,24/814,132/8998,6.810944466571166e-4,0.010798290735269505,0.007904173947112254,29657/315648/24668/24654/29629/314322/25400/246255/81649/29628/114120/25398/24242/24244/50663/116554/81574/360616/79218/363122/29716/24267/24311/117256,24
rno05224,Breast cancer,26/814,148/8998,7.138098580270063e-4,0.010798290735269505,0.007904173947112254,25513/679869/313929/24790/314322/25496/313845/100360552/311332/83840/303251/24525/170911/24329/24482/313575/25317/29492/24205/84584/679845/64558/303181/116590/303811/114110,26
rno04020,Calcium signaling pathway,37/814,238/8998,7.285248268308445e-4,0.010798290735269505,0.007904173947112254,29717/24654/24215/29693/54260/81742/29659/246215/25400/59299/29316/24716/25267/114111/282819/24418/24329/117087/25317/29748/25187/25229/25398/24242/24244/50663/312981/89811/24326/83532/308451/25505/294560/114110/114633/29716/25022,37
rno04350,TGF-beta signaling pathway,19/814,95/8998,7.309612190028588e-4,0.010798290735269505,0.007904173947112254,83837/315648/316742/24790/59328/29263/83840/24373/85435/245921/81735/79558/81507/25587/291023/313477/116590/289264/287280,19
rno04360,Axon guidance,30/814,181/8998,7.897569493634156e-4,0.011159609067091743,0.008168653114697114,25513/29751/303342/360546/361764/60589/246217/311658/25400/311384/361324/306534/500287/81745/24525/362279/170911/65172/301346/81735/29748/363142/114523/316539/296078/314903/311450/116590/25676/25416,30
rno04912,GnRH signaling pathway,18/814,90/8998,9.986320449056002e-4,0.013006998321842048,0.009520912131939445,303604/24654/25400/313845/171492/24525/81649/25433/363855/24329/25289/24242/24244/50663/116554/170538/116590/29716,18
rno04722,Neurotrophin signaling pathway,22/814,120/8998,0.0010005383324493884,0.013006998321842048,0.009520912131939445,25513/171337/303604/309165/314850/25400/313845/24596/81745/24525/81649/170911/361388/363855/679845/24242/24244/50663/116554/170538/116590/317203,22
rno04625,C-type lectin receptor signaling pathway,21/814,113/8998,0.0010783810917892116,0.013479763647365146,0.00986696869410372,25513/312937/84405/305896/309165/288378/24508/24494/311658/24525/81649/170911/25325/29748/171136/24242/24244/50663/116554/170538/116590,21
rno00514,Other types of O-glycan biosynthesis,11/814,43/8998,0.0011975551759433186,0.01441501600672513,0.010551558275368033,25197/64445/300173/29750/289081/79214/688673/83627/363799/311952/313878,11
rno04012,ErbB signaling pathway,17/814,85/8998,0.001365496539195925,0.015849513401381275,0.01160158713752929,25513/25400/313845/304883/83840/24525/170911/361388/25433/363855/24329/171136/296078/679845/116554/311450/116590,17
rno04960,Aldosterone-regulated sodium reabsorption,10/814,38/8998,0.001572540554182717,0.01762329931411666,0.012899969700373649,25513/84396/116501/81745/24525/170911/24482/24954/116590/291553,10
rno04140,Autophagy - animal,25/814,149/8998,0.00175756616260247,0.01904030009486009,0.01393719132449678,292887/25513/81754/312634/300240/29560/287871/499973/303885/85420/362246/64226/60445/83840/81745/24525/170911/78975/116554/170538/308865/116590/192129/59319/312647,25
rno04150,mTOR signaling pathway,26/814,158/8998,0.0019109827094873919,0.02003449614785169,0.01466492673494569,292887/25513/287871/64226/313845/100360552/60445/83840/303251/81745/24525/293561/310131/170911/78975/24482/313977/24954/64558/303181/315189/116590/317203/498416/362261/303811,26
rno04510,Focal adhesion,31/814,200/8998,0.0019979781388169077,0.02029196547235922,0.014853390110941486,25513/171337/25473/24668/29195/192362/294337/360606/57341/313845/25267/114111/295378/81745/170911/315346/24329/24482/296078/24718/63879/679845/89811/116554/315776/311450/287876/116590/81822/114110/360820,31
rno05417,Lipid and atherosclerosis,32/814,209/8998,0.00208594015128273,0.02054334997475416,0.015037399495690494,25513/171337/84405/24654/314322/362788/309165/24494/311658/25400/25664/78963/313210/295378/81745/24525/81649/170911/363855/29748/25271/363328/24242/24244/50663/116554/308267/63868/299331/680127/116590/116544,32
rno04310,Wnt signaling pathway,27/814,168/8998,0.002244506497217818,0.021363146059735782,0.015637476953847082,679869/83837/25335/289144/24654/81717/311658/25400/289229/313228/100360552/84402/497961/303251/295445/29748/314212/24205/64558/116554/303181/312563/295691/503000/303811/78973/287280,27
rno04658,Th1 and Th2 cell differentiation,17/814,89/8998,0.0023006464987407765,0.021363146059735782,0.015637476953847082,303496/84405/314322/156726/85420/309165/25496/303101/311658/311332/81649/29748/29492/116554/81511/116590/24497,17
rno05231,Choline metabolism in cancer,18/814,98/8998,0.002726870926272763,0.02461758475107356,0.018019673372445744,25513/24790/314322/29560/365962/313845/29194/60445/192270/25267/83840/81745/24525/170911/24329/116554/116590/54248,18
rno04022,cGMP-PKG signaling pathway,27/814,171/8998,0.002903807244629151,0.02550641498660741,0.018670282710844616,24668/84396/24654/24215/29693/308899/501099/311658/24174/497757/24603/282819/294961/25289/29748/353256/25523/499497/24954/24242/24244/50663/24326/83532/116590/29716/84583,27
rno04750,Inflammatory mediator regulation of TRP channels,20/814,115/8998,0.0031841946152430024,0.027233243419841468,0.01993429315913902,25513/83790/24668/24654/63882/85420/24494/25400/81649/170911/24482/84023/25289/25187/24242/24244/50663/116554/170538/81749,20
rno04657,IL-17 signaling pathway,17/814,92/8998,0.0033105800362471477,0.027588166968726232,0.020194091449172887,689890/314322/362788/309165/683206/24494/54268/317546/81649/100360880/304150/116554/308267/171052/299331/116590/24497,17
rno05205,Proteoglycans in cancer,31/814,207/8998,0.0034345609926896992,0.027860225049678482,0.02039323355863105,25513/85489/24668/29560/25216/314850/25400/313845/100360552/83840/295378/81745/24525/81649/170911/361388/25433/315346/24329/24482/25615/361833/64558/303181/84399/64031/287876/116590/81822/114633/360820,31
rno05211,Renal cell carcinoma,14/814,70/8998,0.00351467454472867,0.027860225049678482,0.02039323355863105,25513/171337/317376/29560/308457/310687/313845/24356/24525/170911/361388/296078/311450/116590,14
rno04070,Phosphatidylinositol signaling system,17/814,94/8998,0.004169062302958541,0.03155813870454241,0.023100046468750073,25513/312634/24654/54260/114089/282636/81925/170911/316457/24242/24244/50663/308451/116723/54248/114633/116482,17
rno04530,Tight junction,26/814,167/8998,0.004175384505524073,0.03155813870454241,0.023100046468750073,304124/315648/316233/84006/266688/298487/619374/65157/50662/246255/289820/362279/310533/78975/363855/25737/116554/302495/287876/81822/360854/29716/291553/314259/315509/117256,26
rno04931,Insulin resistance,19/814,110/8998,0.00431003838134403,0.03183551077129113,0.0233030783297548,25513/303565/192280/24668/690987/85420/309165/246273/360518/83840/81745/170911/78975/297417/24954/116554/170538/311839/317203,19
rno04659,Th17 cell differentiation,18/814,104/8998,0.005265151066358066,0.03802609103480825,0.02783448283033738,303496/314322/29560/85420/309165/24494/311658/50662/81649/24705/291100/29748/300807/25271/116554/299331/81511/116590,18
rno04380,Osteoclast differentiation,20/814,121/8998,0.005764377237866575,0.04072657831101384,0.0298111957839324,25513/312937/78965/305896/314322/309165/24494/311658/25664/81649/170911/363855/100360880/29748/307403/116554/308267/25094/116590/25341,20
rno04921,Oxytocin signaling pathway,24/814,155/8998,0.006194632883705843,0.04283522738732764,0.031354692759630924,29658/24668/24654/314322/311658/25400/497757/24603/306243/24525/78975/24329/25289/29748/499497/24242/24244/50663/116600/287876/116590/81822/29716/84583,24
rno04910,Insulin signaling pathway,22/814,139/8998,0.006605423859222679,0.04472422404682022,0.032737407723340474,25513/303565/192280/24668/84006/287871/690987/313845/60445/83840/81745/24525/170911/78975/171136/24954/679845/24242/24244/50663/116554/116590,22
rno05031,Amphetamine addiction,13/814,68/8998,0.007175068258507567,0.046637943680299186,0.034138219503636005,24668/29629/314322/25400/100360880/29628/29748/24242/24244/50663/360616/29716/24311,13
rno05221,Acute myeloid leukemia,13/814,68/8998,0.007175068258507567,0.046637943680299186,0.034138219503636005,25513/679869/362489/309165/313845/50662/83840/24525/170911/24705/307403/63840/116590,13
rno04152,AMPK signaling pathway,20/814,125/8998,0.008291653610446875,0.05283896908618106,0.038677269679277475,292887/25513/303565/315648/287871/690987/117276/25664/60445/246255/83840/81745/170911/78975/24482/25675/24954/24640/363122/117256,20
rno04710,Circadian rhythm,8/814,34/8998,0.009399544273750312,0.057588355600087224,0.04215374369431486,29657/259241/78975/64462/300807/63840/306129/287280,8
rno04915,Estrogen signaling pathway,21/814,135/8998,0.009539691805400843,0.057588355600087224,0.04215374369431486,25513/450229/313929/24654/24790/314322/313845/24525/170911/24705/25433/24329/25289/84584/679845/24242/24244/50663/170538/299331/116590,21
rno04261,Adrenergic signaling in cardiomyocytes,23/814,152/8998,0.009568526776629878,0.057588355600087224,0.04215374369431486,315648/29658/24668/84396/24654/24215/29693/84020/25400/170899/246255/306243/81649/25289/24242/24244/50663/116600/25620/116590/363122/29716/117256,23
rno04668,TNF signaling pathway,18/814,111/8998,0.010386625493677706,0.06137551428082281,0.04492588251810836,25513/78965/314322/362788/309165/683206/24508/24494/317546/114111/81649/170911/363855/311567/116554/308267/116590/361167,18
rno05017,Spinocerebellar ataxia,22/814,145/8998,0.01078126545487433,0.06256984415775281,0.045800112646646594,25513/298282/24654/24790/300240/29693/361358/282819/170911/29668/29628/171116/300807/24718/25398/116554/83532/689030/307350/288663/294560/59319,22
rno04810,Regulation of actin cytoskeleton,32/814,234/8998,0.011558813294723915,0.06590551439974163,0.048241769244831124,25513/81531/24668/303342/308995/679934/83709/360606/313845/25267/289820/295378/305938/24525/170911/65172/315346/24329/25317/114120/316457/296078/25229/24205/311450/287876/116723/116590/81822/360854/360820/25022,32
rno04724,Glutamatergic synapse,18/814,114/8998,0.013541575024890081,0.07587951522567718,0.055542576327135364,116638/24654/29629/170567/59312/171093/298521/24418/29628/25289/29748/114120/25398/116590/79218/29716/65040/29642,18
rno04144,Endocytosis,36/814,274/8998,0.014096662807708549,0.07599622003717248,0.05562800235919346,307833/83800/306380/79121/685244/79128/307500/360620/84006/140940/25751/365024/29324/116692/83709/312915/25267/289820/308003/362279/498650/192249/84357/24329/363478/691149/171136/311567/59076/300472/117277/313477/360854/297930/291553/25022,36
rno04664,Fc epsilon RI signaling pathway,12/814,66/8998,0.01421140611676559,0.07599622003717248,0.05562800235919346,25513/313845/295378/81745/24525/81649/170911/363855/116554/81511/116590/24497,12
rno04211,Longevity regulating pathway,15/814,90/8998,0.014468346382429938,0.07599622003717248,0.05562800235919346,292887/25513/300240/287871/294518/309165/25664/60445/83840/24525/170911/78975/24482/25289/24954,15
rno05214,Glioma,13/814,74/8998,0.014497740437860595,0.07599622003717248,0.05562800235919346,25513/25400/313845/25267/24525/170911/24329/24482/679845/24242/24244/50663/116590,13
rno04934,Cushing syndrome,23/814,158/8998,0.014917951467126576,0.07695768613993868,0.05633177997611706,679869/171337/29717/24654/24790/100362634/315606/361653/25400/100360552/170899/303251/81648/24329/25289/24205/64558/303181/25469/64455/116590/303811/29716,23
rno05213,Endometrial cancer,11/814,59/8998,0.015443344940053469,0.07842323602370901,0.05740453875743559,25513/679869/307505/83502/313845/81745/24525/170911/24329/24205/116590,11
rno04720,Long-term potentiation,12/814,67/8998,0.015935173865816905,0.07945476481580475,0.05815960112832997,171337/24668/24654/25400/24525/24418/29748/24242/24244/50663/116590/317203,12
rno04917,Prolactin signaling pathway,13/814,75/8998,0.016135429162594198,0.07945476481580475,0.05815960112832997,24684/25513/314322/309165/24508/287659/313845/24525/81649/170911/679845/116554/116590,13
rno05226,Gastric cancer,22/814,151/8998,0.01685959720428165,0.08057895722634613,0.05898249176730113,25513/679869/307505/83502/66019/313845/100360552/83840/303251/24525/170911/361388/24329/25317/25271/24205/679845/64558/303181/116590/303811/25022,22
rno05418,Fluid shear stress and atherosclerosis,22/814,151/8998,0.01685959720428165,0.08057895722634613,0.05898249176730113,25513/314322/307618/309165/25216/24494/29263/81649/170911/78975/363855/25615/79558/499497/24242/24244/50663/81507/116554/299331/287876/81822,22
rno00730,Thiamine metabolism,5/814,18/8998,0.018921158447437508,0.0891213984843071,0.06523542042899888,84594/361443/680668/24184/29223,5
rno04730,Long-term depression,11/814,61/8998,0.019571916789540997,0.09076291164304977,0.06643698147798947,315648/24654/497757/81648/24525/24482/29628/25523/25398/25740/116590,11
rno05412,Arrhythmogenic right ventricular cardiomyopathy,13/814,77/8998,0.019828205312789334,0.09076291164304977,0.06643698147798947,679869/307562/307505/29658/303468/29693/360606/306243/315346/116600/287876/81822/29716,13
rno04926,Relaxin signaling pathway,19/814,128/8998,0.02106154301947288,0.09506946501845398,0.06958930880703029,25513/24654/314322/309165/313845/114111/24525/81649/170911/363855/24329/25289/114120/679845/89811/116554/171052/116590/79218,19
rno04330,Notch signaling pathway,11/814,62/8998,0.021918138844076673,0.09687511888698486,0.07091101819743668,304591/81717/25496/303101/311332/303251/313575/29492/293774/301164/303811,11
rno04137,Mitophagy - animal,12/814,70/8998,0.022057719377344243,0.09687511888698486,0.07091101819743668,317376/24790/292886/29560/499973/309165/24525/116554/25094/303351/114490/59319,12
rno04714,Thermogenesis,31/814,237/8998,0.02288485854553264,0.09916772036397477,0.0725891653514439,681024/292887/309391/287871/64226/314850/313845/25664/60445/24603/282546/288563/291406/312440/83840/24525/81649/78975/499529/25248/25289/25523/100366024/293655/287876/317203/245965/81822/113976/685179/117035,31
rno05142,Chagas disease,16/814,104/8998,0.024053489982133126,0.10286031900254297,0.07529208775570757,25513/315648/84405/24654/314322/309165/24494/246255/81649/170911/25325/363328/116554/24617/116590/117256,16
rno00310,Lysine degradation,11/814,63/8998,0.024464177955775553,0.10325789396918253,0.07558310619282672,290831/100362634/303547/315606/689883/362831/289081/306764/100366024/361688/364975,11
rno04270,Vascular smooth muscle contraction,20/814,139/8998,0.024844154579823512,0.10351731074926464,0.07577299507476537,29354/24668/24654/85420/308899/497757/29316/24603/294961/25289/24324/24242/24244/50663/24326/170538/116590/81749/29716/366270,20
rno01521,EGFR tyrosine kinase inhibitor resistance,13/814,80/8998,0.026508969056781215,0.10905588536017588,0.07982714199643645,25513/313845/25267/24592/83840/24525/170911/361388/24329/24482/679845/116590/25022,13
rno05210,Colorectal cancer,14/814,89/8998,0.028179784995503086,0.11380942735705979,0.08330665775771824,25513/679869/317673/314322/81757/313845/83840/24525/170911/116546/24329/24205/116554/116590,14
rno04072,Phospholipase D signaling pathway,21/814,150/8998,0.02871073006061203,0.11380942735705979,0.08330665775771824,25513/79121/24654/25751/116692/81757/313845/60445/192270/25267/24525/170911/361388/24418/116546/24329/25289/24954/679845/116590/54248,21
rno04122,Sulfur relay system,3/814,8/8998,0.02921779304934798,0.11380942735705979,0.08330665775771824,84594/292069/292847,3
rno04930,Type II diabetes mellitus,9/814,49/8998,0.02965531385281212,0.11380942735705979,0.08330665775771824,25513/29717/170911/25398/24954/116554/170538/116590/29716,9
rno04071,Sphingolipid signaling pathway,18/814,124/8998,0.029715618313375203,0.11380942735705979,0.08330665775771824,25513/499174/315648/24654/309165/366984/353229/246255/81536/81745/24525/81649/170911/313339/116554/116590/363122/117256,18
rno00562,Inositol phosphate metabolism,12/814,73/8998,0.02976554253953871,0.11380942735705979,0.08330665775771824,312634/24654/54260/114089/282636/171088/170911/316457/308451/116723/114633/116482,12
rno04916,Melanogenesis,15/814,99/8998,0.03198937583202281,0.11926423923830491,0.08729949171775517,679869/24654/25400/100360552/303251/24525/25289/24242/24244/50663/64558/25094/303181/116590/303811,15
rno05215,Prostate cancer,15/814,99/8998,0.03198937583202281,0.11926423923830491,0.08729949171775517,25513/679869/309165/313845/170909/25267/81745/24525/170911/24329/24482/299331/116590/64677/25022,15
rno04068,FoxO signaling pathway,19/814,134/8998,0.03229308631683333,0.11926423923830491,0.08729949171775517,25513/303565/83722/313845/497961/294797/81745/24525/81649/170911/78975/25325/24329/24482/24954/116554/295953/116590/311622,19
rno00510,N-Glycan biosynthesis,9/814,50/8998,0.03337442870637538,0.12164304882309547,0.08904074181058973,25197/362547/25478/303100/367083/25596/64701/78947/29582,9
rno05132,Salmonella infection,32/814,254/8998,0.03368576736639567,0.12164304882309547,0.08904074181058973,679869/81531/79121/294010/679934/314322/25751/309165/116692/24494/81757/498234/317546/361055/310460/289820/81649/170911/363855/310097/140734/116554/308267/299331/680127/287876/116590/81822/360854/289312/81655/287280,32
rno03015,mRNA surveillance pathway,15/814,100/8998,0.034619519666375824,0.12364114166562795,0.09050331341354467,287522/315648/24668/681012/315352/246255/313131/259170/59087/691397/302591/362178/363122/361271/117256,15
rno04971,Gastric acid secretion,12/814,75/8998,0.03587968136287637,0.12674887437972632,0.0927781234326094,84396/24654/84020/170847/25400/170899/25289/24242/24244/50663/287876/81822,12
rno05165,Human papillomavirus infection,42/814,353/8998,0.0388658664299674,0.13577555081169032,0.0993855043998122,25513/679869/25473/315648/84006/305896/362788/309165/25496/303101/29195/24508/192362/294337/360606/313845/100360552/60445/246255/83840/303251/24525/362279/170911/315346/24329/313575/84023/29492/363328/24718/24205/64558/689030/303181/116590/303811/363122/314259/117535/360820/117256,42
rno04620,Toll-like receptor signaling pathway,14/814,93/8998,0.039270467003996584,0.13577555081169032,0.0993855043998122,25513/84405/314322/362788/309165/24494/81649/170911/363855/363328/116554/308267/680127/116590,14
rno04114,Oocyte meiosis,17/814,120/8998,0.04158531077892443,0.1422655368752678,0.10413606909736202,315648/25576/24668/25400/56011/81649/24482/25289/29748/24242/24244/50663/116590/317203/293056/311412/287280,17
rno04721,Synaptic vesicle cycle,12/814,78/8998,0.04664125442972477,0.15790008010063072,0.11558030154734428,116638/83800/25751/79212/24803/64832/25012/25716/81802/25553/25398/60355,12
rno04725,Cholinergic synapse,16/814,113/8998,0.04725782550096367,0.15833807513209477,0.11590090681733901,25513/54239/24654/314322/84020/25101/25400/24525/170911/25289/114120/25229/25398/116590/79218/29716,16
rno04540,Gap junction,13/814,87/8998,0.04827514663527362,0.16009614955575435,0.11718778882461696,24654/497757/313845/171492/25267/24525/24418/24329/25289/64462/25523/25187/116590,13
rno04141,Protein processing in endoplasmic reticulum,22/814,168/8998,0.04895429524535795,0.1607085449973872,0.11763605237055712,81784/302705/294862/311483/499579/360734/362859/289085/287275/690038/363855/287276/25596/116554/192235/64701/299331/362891/78947/100360412/317396/287280,22
rno05216,Thyroid cancer,7/814,38/8998,0.05132313246049917,0.1668001804966223,0.1220950309060296,679869/83502/25664/24716/24525/25271/116590,7
rno04723,Retrograde endocannabinoid signaling,20/814,151/8998,0.05300888027812694,0.17057312960783422,0.12485676855504627,681024/116638/24654/29629/309207/81649/24418/499529/25248/29628/25289/114120/24922/25398/116554/293655/116590/79218/24947/29716,20
rno05225,Hepatocellular carcinoma,23/814,179/8998,0.053661726284211224,0.17098099061145733,0.1251553162046619,25513/679869/297437/313845/100360552/282546/288563/83840/303251/24525/170911/361388/366980/24329/24205/679845/64558/303181/287876/116590/81822/303811/685179,23
rno03250,Viral life cycle - HIV-1,10/814,63/8998,0.05507472366001737,0.17301012204293328,0.12664060755207426,29456/308906/303132/309918/315291/296350/362466/301164/25281/170907,10
rno04630,JAK-STAT signaling pathway,21/814,161/8998,0.055363239053738654,0.17301012204293328,0.12664060755207426,24684/25513/29201/84405/100360218/305896/252963/690369/287659/24335/313845/81680/25267/294797/170911/25325/24329/313173/60430/24497/83422,21
rno04064,NF-kappa B signaling pathway,14/814,98/8998,0.05710907593886774,0.17676618742982875,0.12938998658831188,312937/362788/302424/85420/309165/683206/24494/317546/365581/363328/63879/308267/680127/81511,14
rno04520,Adherens junction,11/814,72/8998,0.057660621013919416,0.17678963990116803,0.12940715341753514,679869/307505/83502/497961/24329/24954/29645/287876/116590/81822/311163,11
rno04213,Longevity regulating pathway - multiple species,10/814,64/8998,0.06023326263743023,0.1829514986650918,0.13391753424554093,292887/25513/287871/83840/24525/170911/78975/24482/25289/24954,10
rno04670,Leukocyte transendothelial migration,16/814,117/8998,0.06147521242203225,0.18499485219593037,0.1354132359393693,25513/304124/171337/307505/308995/307618/298487/619374/295378/81649/170911/287876/81822/311163/315509/360820,16
rno05223,Non-small cell lung cancer,11/814,73/8998,0.06260974784001912,0.18668044080739646,0.13664705950598088,25513/266802/313845/24716/81745/24525/170911/24329/25271/116590/311622,11
rno03018,RNA degradation,12/814,82/8998,0.06417749723135448,0.18961533272900186,0.13879535286398195,361109/297455/29619/301513/291604/291841/29618/63868/306672/408200/686999/307745,12
rno05033,Nicotine addiction,7/814,40/8998,0.0649349057104505,0.1901247239269947,0.13916821897166254,116638/54239/29629/29628/24922/25398/24947,7
rno04933,AGE-RAGE signaling pathway in diabetic complications,14/814,101/8998,0.07011541941121778,0.20345992239862304,0.14892936829826336,25513/24654/309165/24494/114111/24525/81649/170911/89811/116554/170538/24617/116590/114633,14
rno04218,Cellular senescence,23/814,185/8998,0.07233144495944974,0.20803291691877135,0.15227672623042052,25513/498411/24668/309165/100361529/311658/60445/29344/24356/24525/81649/170911/29748/298765/24242/24244/50663/83532/362763/24617/116590/294560/29716,23
rno05161,Hepatitis B,20/814,157/8998,0.0734316998628974,0.20934475838106714,0.15323697293642485,25513/314322/362788/309165/311658/313845/78963/56011/24525/81649/170911/363855/25737/363328/116554/308267/83532/680127/116590/24777,20
rno05010,Alzheimer disease,44/814,391/8998,0.07453982634660118,0.2106560309795251,0.1541968032433123,681024/25513/84019/24654/78965/300240/29693/309165/24494/100360552/78963/303251/282819/24525/295445/170911/29668/24418/287796/363855/499529/295928/29748/116671/25229/24205/24954/24242/24244/50663/64558/116554/83532/303181/29477/293655/116590/294560/245965/303811/59319/29716/306009/24539,44
rno05160,Hepatitis C,20/814,158/8998,0.07729004946394347,0.21654539720501403,0.1585077239460184,25513/304124/315648/25576/305896/362788/309165/298487/313845/78963/56011/246255/24525/170911/65190/24329/25271/363328/116590/117256,20
rno04911,Insulin secretion,12/814,85/8998,0.07985390348591356,0.22039582802080127,0.16132617694801973,56768/84396/24167/24654/54261/24803/25400/25012/294961/25289/29716/24166,12
rno04744,Phototransduction,5/814,26/8998,0.08002063909678322,0.22039582802080127,0.16132617694801973,140936/688297/24242/24244/50663,5
rno04666,Fc gamma R-mediated phagocytosis,13/814,95/8998,0.08546323587942962,0.23340799714970276,0.1708508740269889,25513/79121/25751/192270/289820/83840/295378/170911/65172/170538/81511/116590/360854,13
rno04066,HIF-1 signaling pathway,15/814,114/8998,0.08917455252788335,0.23992480191057816,0.17562106957664994,25513/29560/308457/309165/25400/24335/117276/83840/170911/24329/24482/24954/24617/116590/24644,15
rno04514,Cell adhesion molecules,22/814,180/8998,0.0893362547360063,0.23992480191057816,0.17562106957664994,304124/309349/308995/83502/363058/306147/301626/25660/307618/25216/298487/619374/29259/81735/25615/64545/60391/116508/116690/305081/290467/315509,22
rno05230,Central carbon metabolism in cancer,10/814,69/8998,0.09063748519651335,0.23992480191057816,0.17562106957664994,24959/25513/29560/24716/25267/24525/170911/24329/116590/25022,10
rno04925,Aldosterone synthesis and secretion,13/814,96/8998,0.0911094365827678,0.23992480191057816,0.17562106957664994,29717/84396/24654/24215/309207/25400/24603/25289/24242/24244/50663/29716/54278,13
rno04512,ECM-receptor interaction,12/814,87/8998,0.09154053980588213,0.23992480191057816,0.17562106957664994,25473/298185/25216/29195/192362/294337/117556/360606/315346/117559/25592/24718,12
rno00250,"Alanine, aspartate and glutamate metabolism",6/814,36/8998,0.1016537382479592,0.2642132243790881,0.19339980148882244,24240/360518/291133/297417/289727/307759,6
rno00564,Glycerophospholipid metabolism,13/814,98/8998,0.10307976894485862,0.2642132243790881,0.19339980148882244,29354/60666/290843/81925/29194/192270/25062/29653/313977/312828/54248/362261/362434,13
rno04392,Hippo signaling pathway - multiple species,5/814,28/8998,0.10324639844967444,0.2642132243790881,0.19339980148882244,257646/85265/360920/316101/362423,5
rno04210,Apoptosis,17/814,136/8998,0.10637946523298573,0.27010411094312786,0.1977118350547268,25513/317673/140926/314322/309165/78963/81745/24525/170911/63879/60430/116554/287876/116590/81822/361704/299625,17
rno04727,GABAergic synapse,12/814,91/8998,0.1178939949959999,0.2947349874899997,0.2157412378064452,170567/79212/25289/114120/24922/25398/60355/79218/24947/29716/64845/29642,12
rno05410,Hypertrophic cardiomyopathy,12/814,91/8998,0.1178939949959999,0.2947349874899997,0.2157412378064452,29658/303468/29693/360606/306243/78975/315346/24482/116600/287876/81822/29716,12
rno05218,Melanoma,10/814,73/8998,0.12054165556242952,0.2975631947025114,0.21781143968507719,25513/83502/25267/24525/170911/24329/24482/25317/25094/116590,10
rno04929,GnRH secretion,9/814,64/8998,0.1208564360022508,0.2975631947025114,0.21781143968507719,25513/29717/24654/54261/114245/24525/170911/116590/29716,9
rno04914,Progesterone-mediated oocyte maturation,12/814,92/8998,0.12509708012687384,0.3056883536934887,0.22375892448495044,25513/24525/81649/170911/24482/25289/116554/299331/116590/317203/293056/311412,12
rno00533,Glycosaminoglycan biosynthesis - keratan sulfate,3/814,14/8998,0.1268261138193421,0.3076006491887029,0.22515869381909914,64445/307838/316583,3
rno05207,Chemical carcinogenesis - receptor activation,26/814,228/8998,0.12858611480797066,0.3095591652784479,0.22659229587993274,25513/54239/313615/314322/309165/25101/313845/361055/311332/83840/24525/170911/24329/25289/29492/25271/362607/25426/25398/63879/24917/299331/316275/116590/317203/29716,26
rno05212,Pancreatic cancer,10/814,75/8998,0.1373101494417155,0.3281308718276289,0.2401864843175519,25513/309165/81757/83840/24525/170911/116546/24329/116554/116590,10
rno05414,Dilated cardiomyopathy,12/814,94/8998,0.14022441665815477,0.3326491636051117,0.24349380072795224,29658/303468/29693/360606/306243/315346/24482/25289/116600/287876/81822/29716,12
rno00512,Mucin type O-glycan biosynthesis,5/814,31/8998,0.14352104780364666,0.33800246765351566,0.24741233259820095,29750/79214/83627/311952/313878,5
rno00513,Various types of N-glycan biosynthesis,6/814,40/8998,0.14864087590608394,0.3475416163271747,0.2543948349471789,64445/25478/303100/367083/25596/64701,6
rno04370,VEGF signaling pathway,8/814,58/8998,0.1499884812335341,0.34818754572070415,0.2548676448028474,25513/311658/24525/81649/170911/29748/116590/360820,8
rno04662,B cell receptor signaling pathway,10/814,77/8998,0.15523724671221867,0.3578163488047594,0.2619157727283421,25513/314322/309165/311658/313845/295378/24525/170911/29748/116590,10
rno04136,Autophagy - other,5/814,32/8998,0.15825523077581857,0.35975787202454335,0.26333693628355237,300240/287871/499973/64226/312647,5
rno05170,Human immunodeficiency virus 1 infection,26/814,234/8998,0.15829346369079905,0.35975787202454335,0.26333693628355237,361181/25513/308906/314322/309165/311658/367304/83840/24525/81649/170911/65172/363855/29748/114120/296078/24242/24244/50663/116554/308267/311450/116590/79218/360820/287280,26
rno04936,Alcoholic liver disease,16/814,135/8998,0.15948522697138148,0.35994929698402073,0.26347705625389045,679869/84405/362788/309165/50681/24494/317546/81649/78975/363855/313977/363328/116554/308267/680127/362261,16
rno04120,Ubiquitin mediated proteolysis,17/814,145/8998,0.16100689498045734,0.3608775232320595,0.2641565028354509,361181/362377/246216/303689/296368/295252/171136/363284/315608/63879/309722/311567/297930/291553/311412/83422/287280,17
rno03013,Nucleocytoplasmic transport,14/814,116/8998,0.16264998725135024,0.3620633277855399,0.26502449256528593,290280/361055/315352/259170/59087/25497/113975/362607/25281/24917/302591/361070/78973/361271,14
rno04611,Platelet activation,15/814,126/8998,0.16485510690113095,0.3644755764820922,0.266790219546406,25513/171337/24668/24654/84006/497757/81649/170911/25289/25523/25505/315776/287876/116590/81822,15
rno00534,Glycosaminoglycan biosynthesis - heparan sulfate / heparin,4/814,24/8998,0.16676768934870534,0.36621283134006244,0.26806186196875825,316325/295430/310803/293451,4
rno04216,Ferroptosis,6/814,42/8998,0.1752233988887451,0.38219868885128966,0.279763250786693,310392/83532/113976/362434/312647/306009,6
rno04650,Natural killer cell mediated cytotoxicity,12/814,99/8998,0.18206195585848714,0.3944675710267221,0.28874387385275857,25513/245962/308995/311658/313845/295378/24525/170911/29748/679845/81511/116590,12
rno05022,Pathways of neurodegeneration - multiple diseases,49/814,477/8998,0.18883226330105982,0.4050409265576186,0.2964833988729451,681024/81754/24404/294010/24654/78965/140926/29629/300240/29693/309165/24494/363235/25400/100360552/78963/192154/303251/282819/24525/295445/81649/29668/24418/363855/499529/29628/29748/116671/25229/24205/24242/24244/50663/64558/116554/83532/303181/29477/288663/293655/116590/294560/245965/303811/307309/59319/29716/29424,49
rno04215,Apoptosis - multiple species,5/814,34/8998,0.18943452565156316,0.4050409265576186,0.2964833988729451,317673/78963/24596/63879/116554,5
rno04970,Salivary secretion,10/814,81/8998,0.19433217843914055,0.41118154557464365,0.3009782325501845,84396/24654/24215/24803/497757/25289/25523/24242/24244/50663,10
rno05217,Basal cell carcinoma,8/814,62/8998,0.1948367939030619,0.41118154557464365,0.3009782325501845,679869/100360552/303251/24205/64558/303181/140589/303811,8
rno04621,NOD-like receptor signaling pathway,20/814,181/8998,0.20319740913184034,0.4214132850878685,0.30846770017767866,24654/305896/362788/309165/683206/24494/317546/81649/117514/363328/63879/116554/308267/83532/207122/170538/299331/116590/294560/406163,20
rno04962,Vasopressin-regulated water reabsorption,6/814,44/8998,0.2035750331039857,0.4214132850878685,0.30846770017767866,25293/24803/25289/140734/60355/81655,6
rno04975,Fat digestion and absorption,6/814,44/8998,0.2035750331039857,0.4214132850878685,0.30846770017767866,29354/192270/313210/252900/311839/310900,6
rno04115,p53 signaling pathway,9/814,73/8998,0.21185862423744803,0.435785144792219,0.318987668738596,317673/294518/78963/64394/680110/24482/300514/24617/287585,9
rno00561,Glycerolipid metabolism,8/814,64/8998,0.2191206150731395,0.44788804967780094,0.32784679911638226,290843/192270/29653/252900/313977/54248/362261/24539,8
rno04726,Serotonergic synapse,14/814,123/8998,0.22066430848391105,0.44822437660794434,0.3280929849826572,83790/79246/24654/317675/24525/25553/114120/25187/24922/25398/116590/79218/29716/24311,14
rno00600,Sphingolipid metabolism,7/814,55/8998,0.226395105348804,0.456747477073096,0.33433175649722985,499174/366984/94338/192270/353229/81536/313339,7
rno05162,Measles,16/814,144/8998,0.22872047770846027,0.456747477073096,0.33433175649722985,25513/317673/84405/305896/25660/314322/362788/309165/288378/683206/24494/78963/170911/171136/116554/308267,16
rno04922,Glucagon signaling pathway,12/814,104/8998,0.2290764269628143,0.456747477073096,0.33433175649722985,24959/303565/24654/690987/25400/171366/78975/29748/59329/24242/24244/50663,12
rno04973,Carbohydrate digestion and absorption,6/814,46/8998,0.23344418468161643,0.46059978320548833,0.3371515822006166,25513/303565/84396/24654/170911/29716,6
rno05167,Kaposi sarcoma-associated herpesvirus infection,23/814,216/8998,0.233842966858171,0.46059978320548833,0.3371515822006166,25513/679869/57301/305896/314322/29560/362788/309165/171054/311658/24525/81649/170911/363855/29748/114120/363328/24242/24244/50663/116554/116590/79218,23
rno04928,"Parathyroid hormone synthesis, secretion and action",12/814,105/8998,0.2390226397295453,0.46796601151868805,0.34254354203473203,24654/24790/314322/291848/25433/24329/25289/25271/499497/171052/116590/54278,12
rno04060,Cytokine-cytokine receptor interaction,28/814,269/8998,0.2426251690697961,0.47217473022565104,0.34562425597084095,24684/29201/57301/84405/78965/100360218/252963/59302/302424/171054/690369/24494/24335/81680/29263/24596/365581/294797/29152/245921/25325/313173/307403/79558/81507/25341/24497/25237,28
rno04935,"Growth hormone synthesis, secretion and action",13/814,117/8998,0.2584874513834149,0.5000501291643443,0.36602859657049985,25513/24654/314322/313845/24525/81649/170911/24482/25289/679845/116554/116590/29716,13
rno00601,Glycosphingolipid biosynthesis - lacto and neolacto series,4/814,29/8998,0.2647642037331174,0.509161930255995,0.3726982874100563,296504/100301568/64445/25280,4
rno05134,Legionellosis,7/814,58/8998,0.2686108441922296,0.5113992966554116,0.37433600338177503,81754/84405/309165/24494/78963/287276/63868,7
rno00100,Steroid biosynthesis,3/814,20/8998,0.2690747068556166,0.5113992966554116,0.37433600338177503,298298/117278/114100,3
rno05220,Chronic myeloid leukemia,9/814,78/8998,0.2715346500648196,0.5130741934364323,0.3755620007016477,25513/81717/309165/313845/50662/24525/170911/679845/116590,9
rno04062,Chemokine signaling pathway,19/814,182/8998,0.2891770073575537,0.5432516034173697,0.39765137610469814,25513/171337/57301/24654/309165/171054/79113/313845/295378/24525/170911/25289/114120/679845/170538/59076/116590/79218/360820,19
rno04640,Hematopoietic cell lineage,10/814,90/8998,0.2951401977648925,0.5496188265556784,0.40231208032901483,78965/24494/24335/360606/294797/315346/307403/303747/24497/305081,10
rno00230,Purine metabolism,14/814,131/8998,0.2959485989145961,0.5496188265556784,0.40231208032901483,361443/362329/81742/314312/140929/497757/688297/24603/24645/63885/24184/25289/29223/308758,14
rno05145,Toxoplasmosis,12/814,111/8998,0.30178496524151366,0.5572733733152951,0.4079150845967828,25473/84405/309165/192362/282819/81745/81649/25325/63879/116554/308267/116590,12
rno05140,Leishmaniasis,8/814,71/8998,0.3114260603905657,0.5596799721774759,0.40967667599063823,84405/314322/309165/24494/81649/25325/308267/116590,8
rno03022,Basal transcription factors,5/814,41/8998,0.31146564328237114,0.5596799721774759,0.40967667599063823,361580/83830/316216/353256/689030,5
rno05219,Bladder cancer,5/814,41/8998,0.31146564328237114,0.5596799721774759,0.40967667599063823,83502/24525/25433/24329/116590,5
rno05321,Inflammatory bowel disease,7/814,61/8998,0.3127196852859153,0.5596799721774759,0.40967667599063823,303496/84405/309165/24494/25325/300807/24497,7
rno05163,Human cytomegalovirus infection,25/814,248/8998,0.31345110099448487,0.5596799721774759,0.40967667599063823,25513/57301/24654/24790/309165/24494/311658/313845/60445/25267/83840/24525/81649/170911/24329/84023/25289/29748/114120/24242/24244/50663/116590/79218/360820,25
rno00785,Lipoic acid metabolism,1/814,4/8998,0.3156949957618409,0.5596799721774759,0.40967667599063823,305348,1
rno03265,Virion - Lyssavirus,1/814,4/8998,0.3156949957618409,0.5596799721774759,0.40967667599063823,24596,1
rno05032,Morphine addiction,10/814,92/8998,0.3192920258603124,0.5596799721774759,0.40967667599063823,81742/140929/63885/25289/114120/24922/25398/59076/79218/24947,10
rno05222,Small cell lung cancer,10/814,92/8998,0.3192920258603124,0.5596799721774759,0.40967667599063823,25513/25473/362788/309165/192362/360606/78963/170911/25271/63879,10
rno03430,Mismatch repair,3/814,22/8998,0.3203091533077247,0.5596799721774759,0.40967667599063823,287524/361698/25737,3
rno03264,Virion - Flavivirus,2/814,13/8998,0.33158535693897573,0.5762847112575782,0.42183107609461595,25232/288378,2
rno00515,Mannose type O-glycan biosynthesis,3/814,23/8998,0.3460112423556808,0.5981577327957248,0.437841773641567,64445/362567/688673,3
rno04672,Intestinal immune network for IgA production,5/814,43/8998,0.34838773667587464,0.5990794413738585,0.4385164493943062,25660/690369/25325/64545/24497,5
rno04371,Apelin signaling pathway,14/814,137/8998,0.35673002718520835,0.6101960991325932,0.44665366284685376,83502/24654/83840/24525/78975/25289/114120/499497/24242/24244/50663/24617/116590/79218,14
rno05164,Influenza A,17/814,169/8998,0.3595956631647939,0.6118774373222933,0.44788437517356533,25513/84405/305896/362788/309165/24494/315352/78963/59087/170911/65190/363328/362607/287876/116590/81822/302591,17
rno05146,Amoebiasis,10/814,96/8998,0.3687049913557299,0.6214789892485729,0.4549125556928826,25513/25473/84405/24654/309165/24494/192362/170911/364705/25325,10
rno05208,Chemical carcinogenesis - reactive oxygen species,23/814,234/8998,0.3690629074614602,0.6214789892485729,0.4549125556928826,681024/25513/314322/29560/309165/313845/304883/282819/81745/24525/81649/170911/363855/24329/499529/25426/116554/29645/83532/170538/293655/116590/245965,23
rno05144,Malaria,6/814,55/8998,0.3793434637985039,0.6342982603943796,0.46429605457208034,84405/308995/25216/24494/25325/25615,6
rno05415,Diabetic cardiomyopathy,21/814,214/8998,0.3805789562366278,0.6342982603943796,0.46429605457208034,681024/25513/24668/24654/24790/29693/690987/309165/25400/360518/282819/81649/170911/297417/499529/24954/116554/83532/170538/293655/245965,21
rno03420,Nucleotide excision repair,5/814,45/8998,0.38553060314201537,0.639272683781403,0.4679372519339177,361181/361580/287524/361698/25737,5
rno04923,Regulation of lipolysis in adipocytes,6/814,57/8998,0.41271484183650886,0.6808747390703827,0.49838928268795624,25513/24603/170911/25289/25523/24954,6
rno04927,Cortisol synthesis and secretion,7/814,68/8998,0.41913164996657926,0.6832364955803378,0.5001180502061744,29717/24654/24790/170899/25289/25469/29716,7
rno03060,Protein export,3/814,26/8998,0.42214991153060333,0.6832364955803378,0.5001180502061744,691393/498351/300965,3
rno00565,Ether lipid metabolism,5/814,47/8998,0.42255549418968585,0.6832364955803378,0.5001180502061744,303407/64189/29354/306460/192270,5
rno05030,Cocaine addiction,5/814,47/8998,0.42255549418968585,0.6832364955803378,0.5001180502061744,309165/100360880/116671/360616/24311,5
rno04913,Ovarian steroidogenesis,6/814,58/8998,0.4293422261800801,0.6907733837055745,0.5056349302589792,59302/25147/24482/25289/25426/24954,6
rno00470,D-Amino acid metabolism,1/814,6/8998,0.43396178706222865,0.6932553420441439,0.5074516835691547,303306,1
rno05034,Alcoholism,17/814,177/8998,0.4351510454677088,0.6932553420441439,0.5074516835691547,24668/29316/313845/114906/58940/81648/24525/100360880/114120/679845/24242/24244/50663/116590/360616/79218/24311,17
rno04961,Endocrine and other factor-regulated calcium reabsorption,6/814,59/8998,0.4458936710113476,0.7050704230448103,0.5161001315242983,83800/84396/24654/24215/25751/25289,6
rno00650,Butanoate metabolism,3/814,27/8998,0.4469061758376336,0.7050704230448103,0.5161001315242983,367112/291133/64304,3
rno00450,Selenocompound metabolism,2/814,17/8998,0.4633323730972605,0.7274542089691288,0.5324847003304393,297437/24962,2
rno04979,Cholesterol metabolism,5/814,50/8998,0.4772122588966138,0.7423634219443832,0.543398002783581,306825/361686/313210/83532/24539,5
rno01212,Fatty acid metabolism,6/814,61/8998,0.47866558542137916,0.7423634219443832,0.543398002783581,680115/54398/50681/64304/362540/113976,6
rno04920,Adipocytokine signaling pathway,7/814,72/8998,0.47968098033329376,0.7423634219443832,0.543398002783581,303565/85420/309165/78975/25271/116554/113976,7
rno05166,Human T-cell leukemia virus 1 infection,23/814,249/8998,0.4906999981458231,0.7485486231783973,0.5479254699216772,25513/25335/303604/308995/314322/309165/501099/690369/311658/24356/24525/170911/25289/29748/63879/301164/116554/83532/689030/365297/315776/116590/311412,23
rno04932,Non-alcoholic fatty liver disease,15/814,161/8998,0.4924703203840487,0.7485486231783973,0.5479254699216772,681024/25513/314322/309165/24494/25664/81649/170911/78975/499529/25271/24954/311567/116554/293655,15
rno04622,RIG-I-like receptor signaling pathway,6/814,62/8998,0.4948380093196333,0.7485486231783973,0.5479254699216772,312937/84405/362788/309165/81649/116554,6
rno00062,Fatty acid elongation,3/814,29/8998,0.495048373653303,0.7485486231783973,0.5479254699216772,680115/54398/362540,3
rno05143,African trypanosomiasis,4/814,40/8998,0.49519370456417056,0.7485486231783973,0.5479254699216772,84405/24654/24494/25325,4
rno04340,Hedgehog signaling pathway,5/814,52/8998,0.5126828155546237,0.7713975310811422,0.5646505004836863,102547219/64462/84399/287643/140589,5
rno03440,Homologous recombination,4/814,41/8998,0.5150561976757164,0.7713975310811422,0.5646505004836863,287524/361698/289468/290997,4
rno00790,Folate biosynthesis,3/814,30/8998,0.5183218496782391,0.7727275281900354,0.5656240368289814,317675/29700/64845,3
rno05203,Viral carcinogenesis,20/814,221/8998,0.5343517813537595,0.7907097317734145,0.5787867186422403,25513/361580/25576/305896/362788/309165/171054/501099/56011/24525/170911/83830/301164/25597/83532/689030/116590/294230/117535/360820,20
rno04610,Complement and coagulation cascades,8/814,87/8998,0.5352496645850806,0.7907097317734145,0.5787867186422403,29436/192262/25048/29636/294257/24617/65051/60327,8
rno05152,Tuberculosis,16/814,177/8998,0.5402140238157784,0.7944323879643801,0.5815116426880969,84405/309165/288378/24494/25400/78963/81649/25325/29748/24242/24244/50663/116554/63868/680127/116590,16
rno04260,Cardiac muscle contraction,8/814,88/8998,0.5486218674369474,0.8031626437703059,0.5879020485573737,29658/84396/29693/59299/306243/116600/312981/29716,8
rno00500,Starch and sucrose metabolism,3/814,32/8998,0.5630549591765119,0.8205957925218224,0.6006628311252854,303565/690987/24645,3
rno04742,Taste transduction,8/814,91/8998,0.5877441086671333,0.852753729092939,0.6242019199190421,79246/24654/81742/25289/25398/59266/497770/24947,8
rno00430,Taurine and hypotaurine metabolism,2/814,22/8998,0.6044248568723236,0.8664248737549115,0.6342089764165506,81718/156275,2
rno01040,Biosynthesis of unsaturated fatty acids,3/814,34/8998,0.6051644502841997,0.8664248737549115,0.6342089764165506,680115/50681/362540,3
rno04130,SNARE interactions in vesicular transport,3/814,34/8998,0.6051644502841997,0.8664248737549115,0.6342089764165506,64154/24803/81802,3
rno04976,Bile secretion,8/814,94/8998,0.6251690994047556,0.8872679014409269,0.649465735143804,25293/58978/84396/25289/25271/25675/297386/24777,8
rno03030,DNA replication,3/814,35/8998,0.6251826136306838,0.8872679014409269,0.649465735143804,287524/361698/25737,3
rno04217,Necroptosis,14/814,164/8998,0.6311753892463202,0.8916771080762164,0.6526932029966798,312937/305896/365024/683206/24494/25400/58940/114210/363328/63879/688466/116554/83532/299331,14
rno01524,Platinum drug resistance,7/814,83/8998,0.6337766522018645,0.8916771080762164,0.6526932029966798,25513/317673/78963/81745/170911/63879/116590,7
rno05340,Primary immunodeficiency,3/814,36/8998,0.6444929174927527,0.90284568183252,0.6608684181187029,294797/64545/295953,3
rno00592,alpha-Linolenic acid metabolism,2/814,24/8998,0.6524373330378126,0.9097935667361386,0.6659541573517971,29354/50681,2
rno00071,Fatty acid degradation,4/814,49/8998,0.658638958013976,0.9097935667361386,0.6659541573517971,50681/64304/113976/364975,4
rno05416,Viral myocarditis,7/814,85/8998,0.6588747703396303,0.9097935667361386,0.6659541573517971,308995/303468/25660/287986/304883/287876/81822,7
rno01250,Biosynthesis of nucleotide sugars,3/814,37/8998,0.6630888792793486,0.9097935667361386,0.6659541573517971,360518/24645/297417,3
rno05016,Huntington disease,26/814,307/8998,0.6698096455116549,0.9097935667361386,0.6659541573517971,681024/24404/83800/317673/294010/24654/24790/29629/300240/25664/78963/192154/282819/29668/24418/363855/499529/29628/116554/83532/689030/293655/245965/690966/59319/29424,26
rno03320,PPAR signaling pathway,7/814,86/8998,0.6710267867352142,0.9097935667361386,0.6659541573517971,50681/25664/81745/25271/311839/113976/24539,7
rno00270,Cysteine and methionine metabolism,4/814,50/8998,0.6744151927198339,0.9097935667361386,0.6659541573517971,171347/312192/24962/81718,4
rno00380,Tryptophan metabolism,4/814,50/8998,0.6744151927198339,0.9097935667361386,0.6659541573517971,317675/25426/364975/24311,4
rno00900,Terpenoid backbone biosynthesis,2/814,25/8998,0.6746469217951059,0.9097935667361386,0.6659541573517971,309153/25675,2
rno04146,Peroxisome,7/814,87/8998,0.6829072849233506,0.9171275520664833,0.6713225158446161,300083/83842/50681/367112/64526/29533/113976,7
rno00563,Glycosylphosphatidylinositol (GPI)-anchor biosynthesis,2/814,26/8998,0.6956883393171475,0.9260945157239877,0.677886188027923,79112/296360,2
rno05310,Asthma,2/814,26/8998,0.6956883393171475,0.9260945157239877,0.677886188027923,25325/24497,2
rno00260,"Glycine, serine and threonine metabolism",3/814,39/8998,0.6981327887765446,0.9260945157239877,0.677886188027923,24959/303306/24962,3
rno03260,Virion - Human immunodeficiency virus,1/814,13/8998,0.7087402973715105,0.9363438888038247,0.6853885631406135,288378,1
rno04950,Maturity onset diabetes of the young,2/814,27/8998,0.7155909123955086,0.9415669899940904,0.6892117886272533,25334/25509,2
rno01230,Biosynthesis of amino acids,6/814,78/8998,0.719795779067667,0.9432807588588379,0.6904662396829064,24959/171347/25104/24962/307759/24644,6
rno05168,Herpes simplex virus 1 infection,32/814,386/8998,0.7277545432783719,0.9498804279737786,0.6952970905978104,365192/25513/293849/362612/300197/84405/24668/689890/140926/305896/362788/309165/24494/292884/304293/366954/60445/78963/362264/312303/59087/170911/315346/266774/308326/363328/308267/500108/302591/288489/84005/116544,32
rno04972,Pancreatic secretion,8/814,105/8998,0.7450222794502219,0.9685289632852885,0.7089475164452639,171337/29354/84396/24654/24215/29693/84020/25289,8
rno01523,Antifolate resistance,2/814,29/8998,0.752117100830215,0.9721626363164619,0.7116073062591755,309165/24494,2
rno00604,Glycosphingolipid biosynthesis - ganglio series,1/814,15/8998,0.7591260446872563,0.9721626363164619,0.7116073062591755,25280,1
rno03266,Virion - Herpesvirus,1/814,15/8998,0.7591260446872563,0.9721626363164619,0.7116073062591755,315346,1
rno03410,Base excision repair,3/814,43/8998,0.7597824911519426,0.9721626363164619,0.7116073062591755,361698/25737/303369,3
rno00603,Glycosphingolipid biosynthesis - globo and isoglobo series,1/814,16/8998,0.7809529844205942,0.9921074893580712,0.7262066156920619,25280,1
rno00410,beta-Alanine metabolism,2/814,31/8998,0.7845280762000748,0.9921074893580712,0.7262066156920619,50681/64304,2
rno00640,Propanoate metabolism,2/814,31/8998,0.7845280762000748,0.9921074893580712,0.7262066156920619,50681/64304,2
rno04613,Neutrophil extracellular trap formation,14/814,185/8998,0.7962626123150728,0.9946034958974677,0.7280336520577415,25513/308995/24654/309165/84360/58940/282819/81649/170911/83532/287876/116590/81822/312647,14
rno00052,Galactose metabolism,2/814,32/8998,0.7992929506683123,0.9946034958974677,0.7280336520577415,303565/24645,2
rno00910,Nitrogen metabolism,1/814,17/8998,0.8008042726283024,0.9946034958974677,0.7280336520577415,363085,1
rno04080,Neuroactive ligand-receptor interaction,31/814,390/8998,0.8043984460267368,0.9946034958974677,0.7280336520577415,24684/24831/54239/362133/317219/24167/29629/85268/29659/25101/298521/29636/24174/29316/499194/81648/24397/24418/25248/29628/84023/171101/24324/25187/24922/25229/24326/25505/24947/24166/366270,31
rno00061,Fatty acid biosynthesis,1/814,18/8998,0.8188585340780923,0.9946034958974677,0.7280336520577415,113976,1
rno00120,Primary bile acid biosynthesis,1/814,18/8998,0.8188585340780923,0.9946034958974677,0.7280336520577415,301264,1
rno00360,Phenylalanine metabolism,1/814,18/8998,0.8188585340780923,0.9946034958974677,0.7280336520577415,24311,1
rno01210,2-Oxocarboxylic acid metabolism,1/814,18/8998,0.8188585340780923,0.9946034958974677,0.7280336520577415,307759,1
rno05330,Allograft rejection,4/814,62/8998,0.8244420872097734,0.9946034958974677,0.7280336520577415,84405/25660/25325/24497,4
rno04614,Renin-angiotensin system,2/814,34/8998,0.8261531402323334,0.9946034958974677,0.7280336520577415,117041/302526,2
rno01240,Biosynthesis of cofactors,11/814,154/8998,0.8344812041198387,0.9946034958974677,0.7280336520577415,309391/84594/171347/24240/680668/309070/24184/29223/305348/360511/64845,11
rno04974,Protein digestion and absorption,7/814,103/8998,0.8348863687866949,0.9946034958974677,0.7280336520577415,84396/84020/294027/294337/298101/84551/29642,7
rno00220,Arginine biosynthesis,1/814,19/8998,0.8352782616126616,0.9946034958974677,0.7280336520577415,307759,1
rno00051,Fructose and mannose metabolism,2/814,36/8998,0.8497355400684575,0.9946034958974677,0.7280336520577415,117276/24640,2
rno00531,Glycosaminoglycan degradation,1/814,20/8998,0.8502112714185747,0.9946034958974677,0.7280336520577415,299825,1
rno00532,Glycosaminoglycan biosynthesis - chondroitin sulfate / dermatan sulfate,1/814,20/8998,0.8502112714185747,0.9946034958974677,0.7280336520577415,314694,1
rno00520,Amino sugar and nucleotide sugar metabolism,3/814,51/8998,0.8523986580583666,0.9946034958974677,0.7280336520577415,360518/24645/297417,3
rno05012,Parkinson disease,20/814,270/8998,0.8568031797366197,0.9946034958974677,0.7280336520577415,681024/140926/25400/78963/282819/29668/287796/499529/295928/24242/24244/50663/116554/83532/29477/293655/294560/245965/307309/306009,20
rno00770,Pantothenate and CoA biosynthesis,1/814,21/8998,0.8637920271620899,0.9946034958974677,0.7280336520577415,360511,1
rno04142,Lysosome,9/814,134/8998,0.8668084955820855,0.9946034958974677,0.7280336520577415,83800/54398/367304/498995/299825/63886/65161/361704/302290,9
rno05014,Amyotrophic lateral sclerosis,28/814,370/8998,0.8668836730814464,0.9946034958974677,0.7280336520577415,681024/81754/81531/24404/290527/294010/140926/300240/363235/315352/78963/59087/81649/29668/25497/499529/29748/113975/25281/288663/293655/287876/294560/245965/81822/302591/59319/317396,28
rno00350,Tyrosine metabolism,2/814,38/8998,0.870369550377403,0.9946034958974677,0.7280336520577415,24267/24311,2
rno03040,Spliceosome,10/814,148/8998,0.8723702907652132,0.9946034958974677,0.7280336520577415,297455/362612/689890/246216/300092/100359574/290614/499691/362264/290046,10
rno00010,Glycolysis / Gluconeogenesis,4/814,68/8998,0.8748531719017203,0.9946034958974677,0.7280336520577415,24959/303565/24645/24644,4
rno01232,Nucleotide metabolism,5/814,82/8998,0.8750182903159016,0.9946034958974677,0.7280336520577415,361443/362329/314312/24184/29223,5
rno04964,Proximal tubule bicarbonate reclamation,1/814,22/8998,0.8761428447949362,0.9946034958974677,0.7280336520577415,84396,1
rno04940,Type I diabetes mellitus,4/814,69/8998,0.8819132751042509,0.9946034958974677,0.7280336520577415,84405/25660/24494/63868,4
rno00140,Steroid hormone biosynthesis,5/814,84/8998,0.8877206225839682,0.9946034958974677,0.7280336520577415,83790/25147/25426/64677/24267,5
rno00591,Linoleic acid metabolism,2/814,40/8998,0.8883687159401754,0.9946034958974677,0.7280336520577415,83790/29354,2
rno03008,Ribosome biogenesis in eukaryotes,5/814,85/8998,0.8936454776643817,0.9946034958974677,0.7280336520577415,300092/100359574/315352/59087/302591,5
rno04061,Viral protein interaction with cytokine and cytokine receptor,5/814,85/8998,0.8936454776643817,0.9946034958974677,0.7280336520577415,57301/78965/171054/25325/307403,5
rno05206,MicroRNAs in cancer,21/814,293/8998,0.8963616074941871,0.9946034958974677,0.7280336520577415,246334/25513/287871/25496/313845/311071/25267/306141/24525/170911/315346/24329/307151/29492/25426/24205/679845/60430/303181/64031/116590,21
rno04110,Cell cycle,8/814,127/8998,0.8984726937595855,0.9946034958974677,0.7280336520577415,25576/315958/56011/362304/25737/361195/311412/287280,8
rno05323,Rheumatoid arthritis,5/814,86/8998,0.8992985841319661,0.9946034958974677,0.7280336520577415,308995/78965/25660/314322/24494,5
rno05150,Staphylococcus aureus infection,6/814,100/8998,0.899508256962573,0.9946034958974677,0.7280336520577415,192262/450229/308995/291755/25325/294257,6
rno04978,Mineral absorption,3/814,57/8998,0.8997848488687907,0.9946034958974677,0.7280336520577415,293874/84396/24215,3
rno04623,Cytosolic DNA-sensing pathway,3/814,58/8998,0.9061957687442683,0.9946034958974677,0.7280336520577415,309165/24494/690966,3
rno04918,Thyroid hormone synthesis,4/814,73/8998,0.9067965902556789,0.9946034958974677,0.7280336520577415,24404/84396/24654/25289,4
rno04977,Vitamin digestion and absorption,1/814,25/8998,0.9068789506084904,0.9946034958974677,0.7280336520577415,289175,1
rno00860,Porphyrin metabolism,2/814,43/8998,0.911062659262716,0.9946034958974677,0.7280336520577415,309391/309070,2
rno05020,Prion disease,19/814,273/8998,0.9119748977767549,0.9946034958974677,0.7280336520577415,681024/25513/25496/24494/78963/282819/81649/170911/29668/499529/29748/116554/83532/170538/293655/116590/294560/245965/29716,19
rno04966,Collecting duct acid secretion,1/814,27/8998,0.9230087159318608,0.9999999996293216,0.7319838053966857,308069,1
rno03050,Proteasome,2/814,47/8998,0.9346452375971286,0.9999999996293216,0.7319838053966857,689852/29668,2
rno00030,Pentose phosphate pathway,1/814,30/8998,0.9421243496873808,0.9999999996293216,0.7319838053966857,24645,1
rno00590,Arachidonic acid metabolism,4/814,81/8998,0.943038439779975,0.9999999996293216,0.7319838053966857,83790/29354/79242/291403,4
rno00020,Citrate cycle (TCA cycle),1/814,31/8998,0.9473775588036244,0.9999999996293216,0.7319838053966857,25104,1
rno03020,RNA polymerase,1/814,32/8998,0.9521544816466989,0.9999999996293216,0.7319838053966857,690966,1
rno03460,Fanconi anemia pathway,2/814,51/8998,0.952219148904402,0.9999999996293216,0.7319838053966857,502320/287524,2
rno05320,Autoimmune thyroid disease,3/814,71/8998,0.9616287198669033,0.9999999996293216,0.7319838053966857,25660/25325/24497,3
rno00240,Pyrimidine metabolism,2/814,54/8998,0.9623342081632051,0.9999999996293216,0.7319838053966857,24240/314312,2
rno01200,Carbon metabolism,6/814,119/8998,0.9643285600439648,0.9999999996293216,0.7319838053966857,24959/25104/50681/64304/307759/24644,6
rno02010,ABC transporters,2/814,55/8998,0.9652235217320169,0.9999999996293216,0.7319838053966857,313210/63886,2
rno00280,"Valine, leucine and isoleucine degradation",2/814,56/8998,0.967899141137512,0.9999999996293216,0.7319838053966857,367112/64304,2
rno05169,Epstein-Barr virus infection,13/814,226/8998,0.9750695355986306,0.9999999996293216,0.7319838053966857,25513/308995/305896/362788/156726/309165/683206/78963/81649/170911/363855/116554/308267,13
rno05332,Graft-versus-host disease,2/814,61/8998,0.9785630277207414,0.9999999996293216,0.7319838053966857,25660/24494,2
rno00620,Pyruvate metabolism,1/814,46/8998,0.9873899510080502,0.9999999996293216,0.7319838053966857,25104,1
rno00830,Retinol metabolism,3/814,87/8998,0.9880914886153663,0.9999999996293216,0.7319838053966857,308445/83790/353252,3
rno00480,Glutathione metabolism,2/814,71/8998,0.9905832369988419,0.9999999996293216,0.7319838053966857,24404/156275,2
rno00980,Metabolism of xenobiotics by cytochrome P450,2/814,76/8998,0.9937985594927192,0.9999999996293216,0.7319838053966857,308445/25426,2
rno05204,Chemical carcinogenesis - DNA adducts,2/814,76/8998,0.9937985594927192,0.9999999996293216,0.7319838053966857,83790/25426,2
rno05171,Coronavirus disease - COVID-19,17/814,318/8998,0.9953528104389158,0.9999999996293216,0.7319838053966857,25513/192262/84405/305896/314322/362788/309165/24494/81649/170911/25433/24329/294257/116554/308267/116590/60327,17
rno05322,Systemic lupus erythematosus,4/814,119/8998,0.9957591417252981,0.9999999996293216,0.7319838053966857,192262/25660/58940/25325,4
rno00190,Oxidative phosphorylation,5/814,141/8998,0.9968825203666665,0.9999999996293216,0.7319838053966857,681024/309391/499529/293655/245965,5
rno00970,Aminoacyl-tRNA biosynthesis,1/814,67/8998,0.9983007943180733,0.9999999996293216,0.7319838053966857,360821,1
rno00983,Drug metabolism - other enzymes,2/814,96/8998,0.9988717416992775,0.9999999996293216,0.7319838053966857,362329/192257,2
rno04145,Phagosome,6/814,185/8998,0.9995084785102648,0.9999999996293216,0.7319838053966857,288378/315346/316457/287876/81822/81655,6
rno04612,Antigen processing and presentation,1/814,87/8998,0.999749257980412,0.9999999996293216,0.7319838053966857,299331,1
rno03010,Ribosome,1/814,226/8998,0.9999999996293216,0.9999999996293216,0.7319838053966857,292758,1
