ID	Description	GeneRatio	BgRatio	pvalue	p.adjust	qvalue	geneID	Count
hsa04390	Hippo signaling pathway	18/376	157/8112	3.311152219824133e-4	0.061616039099304236	0.0575251099643867	7533/8313/8945/51384/1855/89780/4087/26524/51176/10207/154796/7048/9113/9231/659/1742/71/1495	18
hsa05224	Breast cancer	17/376	147/8112	4.354490395710547e-4	0.061616039099304236	0.0575251099643867	1021/2247/8313/51384/2099/1855/89780/28514/51176/4893/5295/4853/5728/8648/8817/2252/1452	17
hsa04371	Apelin signaling pathway	16/376	139/8112	6.717030553176552e-4	0.0633639882182988	0.059157005924467196	4209/4208/4842/4087/5140/53632/5565/3708/5581/4893/2770/23236/59345/22800/8862/6543	16
hsa04550	Signaling pathways regulating pluripotency of stem cells	16/376	143/8112	9.167901206093889e-4	0.06486290103311426	0.06055640007183069	93/2247/8313/84333/51384/1855/89780/4087/4893/5295/5013/659/92/7703/648/90	16
hsa03013	Nucleocytoplasmic transport	13/376	108/8112	0.0013950292969622821	0.07895865820806518	0.07371628495527006	26019/3840/10762/402569/55161/3836/3839/3843/5411/23039/23214/30000/51068	13
hsa04710	Circadian rhythm	6/376	31/8112	0.002616333932817466	0.12201084979765604	0.11391007364408283	8945/4862/53632/5565/8553/6095	6
hsa05205	Proteoglycans in cancer	19/376	205/8112	0.0030179362140762976	0.12201084979765604	0.11391007364408283	2247/10451/51384/2099/89780/4087/1975/3549/286/288/3708/3673/4893/5295/859/22800/4660/71/3236	19
hsa05226	Gastric cancer	15/376	149/8112	0.003724411624686236	0.12542372896033602	0.11709635844911419	2247/8313/51384/1855/89780/4087/51176/4893/5295/898/7048/8817/2252/1452/1495	15
hsa04340	Hedgehog signaling pathway	8/376	56/8112	0.003988740496971817	0.12542372896033602	0.11709635844911419	51684/8945/1455/3549/730094/1456/4036/1452	8
hsa04520	Adherens junction	9/376	71/8112	0.005240435371079892	0.14167332074580927	0.1322670764634485	7414/5818/51176/6885/7048/1500/71/1495/5797	9
hsa04150	mTOR signaling pathway	15/376	156/8112	0.005720915321766255	0.14167332074580927	0.1322670764634485	51719/51384/1855/89780/1975/6197/6009/64121/4893/5295/6249/54468/5728/8649/64798	15
hsa04120	Ubiquitin mediated proteolysis	14/376	142/8112	0.006007349289574952	0.14167332074580927	0.1322670764634485	55294/8945/8924/51465/10054/8451/55585/331/9354/7319/8450/10477/10075/25847	14
hsa04919	Thyroid hormone signaling pathway	12/376	121/8112	0.010117745851008064	0.2202555442950217	0.20563191972494124	482/2099/1827/6009/4893/5295/4853/23236/8648/488/71/7068	12
hsa05132	Salmonella infection	20/376	249/8112	0.011511665529344618	0.23270009605746622	0.2172502291628195	3840/5599/3800/3798/51176/6990/112574/1783/1780/6885/5898/9648/382/51209/3836/3839/10097/127829/71/840	20
hsa04070	Phosphatidylinositol signaling system	10/376	97/8112	0.014062525363559761	0.2653129785258275	0.24769781517568426	8867/23262/9110/3708/5295/8897/9162/23236/5728/117283	10
hsa04010	MAPK signaling pathway	22/376	294/8112	0.01779966734985405	0.3148316162505435	0.29392871742193205	781/4763/2247/5599/4208/627/2005/6197/777/4216/1845/6885/4893/5228/4915/775/7048/22800/8649/8817/1946/2252	22
hsa05207	Chemical carcinogenesis - receptor activation	17/376	212/8112	0.019250607138096204	0.3204659894165427	0.29918900257969955	3840/2247/402569/2099/405/6197/28514/4893/2770/5295/775/4853/3836/3839/331/8817/2252	17
hsa00514	Other types of O-glycan biosynthesis	6/376	47/8112	0.020517749083617476	0.3225846105924303	0.3011669602332156	56983/51809/8473/285203/283464/23509	6
hsa04310	Wnt signaling pathway	14/376	167/8112	0.022807720768863015	0.32353664990756204	0.3020557899453155	8313/5599/8945/51384/4919/1855/89780/51176/6885/8549/23236/84133/55366/1452	14
hsa05225	Hepatocellular carcinoma	14/376	168/8112	0.02387348038192491	0.32353664990756204	0.3020557899453155	1021/8313/196528/51384/1855/89780/4087/51176/4893/5295/7048/5728/71/1452	14
hsa05100	Bacterial invasion of epithelial cells	8/376	77/8112	0.025573085954497924	0.32353664990756204	0.3020557899453155	7414/23157/5295/23176/10097/859/71/1495	8
hsa05412	Arrhythmogenic right ventricular cardiomyopathy	8/376	77/8112	0.025573085954497924	0.32353664990756204	0.3020557899453155	781/51176/3673/775/488/6543/71/1495	8
hsa04921	Oxytocin signaling pathway	13/376	154/8112	0.026294498049024475	0.32353664990756204	0.3020557899453155	781/4208/1827/53632/5565/3708/4893/2770/775/23236/5021/4660/71	13
hsa04934	Cushing syndrome	13/376	155/8112	0.027545923825414802	0.3248123517746829	0.3032467929903121	1021/8313/51384/8622/405/1855/89780/51176/3708/2770/775/898/23236	13
hsa04140	Autophagy - animal	12/376	141/8112	0.030317195976691354	0.34319065845614616	0.32040489221682233	5599/9110/3708/6009/64121/6885/4893/5295/8897/5728/22800/64798	12
hsa05200	Pathways in cancer	34/376	531/8112	0.033176716732714606	0.3611158013599321	0.3371399149761687	1021/2247/8313/5599/51684/51384/2099/862/405/1855/89780/4087/28514/51176/3673/4893/2770/5898/5228/5979/5295/898/4853/7048/3600/23236/59345/5728/8648/331/8817/2252/840/1495	34
hsa04014	Ras signaling pathway	17/376	232/8112	0.04101677237730552	0.42288312513165743	0.39480626523357265	23179/4763/27/2247/5599/627/4893/5898/5228/4915/5295/382/59345/22800/8817/1946/2252	17
hsa04728	Dopaminergic synapse	11/376	132/8112	0.04228710311850215	0.42288312513165743	0.39480626523357265	55012/5599/3800/6323/3798/3708/2770/775/23236/1812/59345	11
hsa05210	Colorectal cancer	8/376	86/8112	0.04522519461793275	0.42288312513165743	0.39480626523357265	8313/5599/4087/51176/4893/5898/5295/7048	8
hsa04022	cGMP-PKG signaling pathway	13/376	167/8112	0.046134057203509535	0.42288312513165743	0.39480626523357265	4209/4208/482/5592/5140/3708/5581/2770/775/23236/488/27345/6543	13
hsa05218	Melanoma	7/376	72/8112	0.0484015767509562	0.42288312513165743	0.39480626523357265	1021/2247/4893/5295/5728/8817/2252	7
hsa04071	Sphingolipid signaling pathway	10/376	119/8112	0.0490048428599384	0.42288312513165743	0.39480626523357265	55012/166929/5599/5581/4893/2770/5295/23236/6609/5728	10
hsa04210	Apoptosis	11/376	136/8112	0.05061650818096272	0.42288312513165743	0.39480626523357265	5599/3708/4893/4170/5295/331/9131/71/840/4001/6709	11
hsa05213	Endometrial cancer	6/376	58/8112	0.050805746482248594	0.42288312513165743	0.39480626523357265	8313/51176/4893/5295/5728/1495	6
hsa05410	Hypertrophic cardiomyopathy	8/376	90/8112	0.05647993263709572	0.4415521018115672	0.41223573574373573	781/53632/5565/3673/775/488/6543/71	8
hsa04730	Long-term depression	6/376	60/8112	0.05825363535700086	0.4415521018115672	0.41223573574373573	4842/5592/3708/4893/2770/23236	6
hsa05032	Morphine addiction	8/376	91/8112	0.059548237316002686	0.4415521018115672	0.41223573574373573	2566/8622/2560/5140/2770/1812/59345/5144	8
hsa04930	Type II diabetes mellitus	5/376	46/8112	0.06028651463118342	0.4415521018115672	0.41223573574373573	5599/777/5581/5295/775	5
hsa04971	Gastric acid secretion	7/376	76/8112	0.06155356976675806	0.4415521018115672	0.41223573574373573	482/115111/3708/2770/760/23236/71	7
hsa04015	Rap1 signaling pathway	15/376	210/8112	0.06310267209176373	0.4415521018115672	0.41223573574373573	2247/10451/57568/4893/2770/5898/5228/5295/260425/23236/1500/8817/1946/2252/71	15
hsa03410	Base excision repair	4/376	33/8112	0.0644755126610686	0.4415521018115672	0.41223573574373573	79661/6996/4968/10714	4
hsa04970	Salivary secretion	8/376	93/8112	0.06599489624752523	0.4415521018115672	0.41223573574373573	683/4842/482/5592/1471/3708/23236/3783	8
hsa04110	Cell cycle	10/376	126/8112	0.0670909553989307	0.4415521018115672	0.41223573574373573	1021/7533/1028/4087/4176/8556/10735/898/8555/25847	10
hsa05217	Basal cell carcinoma	6/376	63/8112	0.07058787844612086	0.4521701080947214	0.4221487711801194	8313/51684/51384/1855/89780/51176	6
hsa04144	Endocytosis	17/376	251/8112	0.07450187667035847	0.4521701080947214	0.4221487711801194	23325/3800/22841/29934/8724/51324/10890/4087/3798/6456/9815/116987/382/137492/7048/10097/859	17
hsa04929	GnRH secretion	6/376	64/8112	0.0750091951555376	0.4521701080947214	0.4221487711801194	3708/4893/5295/775/23236/3783	6
hsa05030	Cocaine addiction	5/376	49/8112	0.07509538897686187	0.4521701080947214	0.4221487711801194	627/8851/2770/1812/1742	5
hsa00220	Arginine biosynthesis	3/376	22/8112	0.07925884515841836	0.4535821432822212	0.42346705584466254	5009/4842/2746	3
hsa04360	Axon guidance	13/376	182/8112	0.07977731233321655	0.4535821432822212	0.42346705584466254	25791/80031/2042/4893/57522/2770/2045/5295/1072/2044/1946/659/6092	13
hsa04713	Circadian entrainment	8/376	97/8112	0.08013818785904968	0.4535821432822212	0.42346705584466254	116/4842/5592/3708/2770/775/23236/59345	8
hsa04750	Inflammatory mediator regulation of TRP channels	8/376	98/8112	0.08393519703114925	0.46575805411402427	0.43483456047096936	5599/3708/5581/3356/5295/23236/79054/2150	8
hsa03430	Mismatch repair	3/376	23/8112	0.08815026798197236	0.4706891667716637	0.4394382773282038	5985/10714/9156	3
hsa04964	Proximal tubule bicarbonate reclamation	3/376	23/8112	0.08815026798197236	0.4706891667716637	0.4394382773282038	482/2746/760	3
hsa04020	Calcium signaling pathway	16/376	240/8112	0.09103392055732669	0.477085176254138	0.44540963079705653	2247/4842/777/3708/3356/4915/5979/775/5255/23236/1812/8817/5021/488/6543/2252	16
hsa04530	Tight junction	12/376	169/8112	0.09293036962319036	0.47816899278841585	0.4464214885247996	5599/4627/57826/55114/53632/5565/9414/5581/10207/154796/10097/71	12
hsa04961	Endocrine and other factor-regulated calcium reabsorption	5/376	53/8112	0.09761587259804995	0.48872675036084195	0.45627827539732685	482/2099/5741/23236/6543	5
hsa04924	Renin secretion	6/376	69/8112	0.09940890433818837	0.48872675036084195	0.45627827539732685	116/5140/3708/2770/775/23236	6
hsa04914	Progesterone-mediated oocyte maturation	8/376	102/8112	0.10016307957925383	0.48872675036084195	0.45627827539732685	22849/5599/5140/6197/2770/5295/441272/25847	8
hsa04622	RIG-I-like receptor signaling pathway	6/376	70/8112	0.10473854836840216	0.5023899862416578	0.46903435576215785	5599/9755/1540/54941/6885/55593	6
hsa04218	Cellular senescence	11/376	156/8112	0.10845370384489136	0.5115399698017377	0.47757683622925856	1021/8945/4087/3708/6009/4893/5295/898/7048/5728/22800	11
hsa05418	Fluid shear stress and atherosclerosis	10/376	139/8112	0.11077160044357304	0.5139075889431339	0.47978725990227494	93/5599/4208/6885/5295/859/659/92/90/71	10
hsa04540	Gap junction	7/376	88/8112	0.11292463374271632	0.515446312083689	0.48122382121259416	5592/3708/3356/4893/2770/23236/1812	7
hsa05223	Non-small cell lung cancer	6/376	72/8112	0.1158334138792638	0.5203310496481215	0.48578424199992004	1021/3800/3798/4893/5979/5295	6
hsa05010	Alzheimer disease	23/376	384/8112	0.12307756663862492	0.5442336149801695	0.5080998228009023	8313/5599/3800/4842/51384/1855/89780/3798/8851/3708/4893/5295/775/54539/56901/5709/23236/488/1452/840/22926/5701/23621	23
hsa04931	Insulin resistance	8/376	108/8112	0.12756318136023087	0.5539959097639074	0.5172139607615427	5599/6197/53632/5565/8473/5581/5295/5728	8
hsa05206	MicroRNAs in cancer	19/376	310/8112	0.12920045952091128	0.5539959097639074	0.5172139607615427	23405/23414/1021/89780/9493/599/27086/5268/5581/4893/4170/5295/898/4853/5728/1946/659/648/3236	19
hsa04810	Regulation of actin cytoskeleton	14/376	218/8112	0.13506654276534563	0.5702576621654081	0.5323960320011807	2247/10451/7414/4627/3673/4893/5295/10097/1072/22800/8817/4660/2252/71	14
hsa05212	Pancreatic cancer	6/376	76/8112	0.1396992908249533	0.5702576621654081	0.5323960320011807	1021/5599/4087/5898/5295/7048	6
hsa04510	Focal adhesion	13/376	201/8112	0.1405582281988281	0.5702576621654081	0.5323960320011807	5599/10451/7414/394/7791/3673/5228/5295/859/5728/331/4660/71	13
hsa04926	Relaxin signaling pathway	9/376	129/8112	0.14396252902832515	0.5702576621654081	0.5323960320011807	5599/4842/4087/4893/2770/5295/7048/23236/59345	9
hsa04350	TGF-beta signaling pathway	7/376	94/8112	0.1450677587609554	0.5702576621654081	0.5323960320011807	93/4087/60436/7048/659/92/90	7
hsa04024	cAMP signaling pathway	14/376	221/8112	0.14575362732962138	0.5702576621654081	0.5323960320011807	116/5599/10451/627/482/5140/2770/5295/775/1812/22800/5144/5021/488	14
hsa04723	Retrograde endocannabinoid signaling	10/376	148/8112	0.14864109876279696	0.5702576621654081	0.5323960320011807	2566/5599/2560/3708/2770/775/54539/56901/23236/59345	10
hsa04392	Hippo signaling pathway - multiple species	3/376	29/8112	0.14911331095491237	0.5702576621654081	0.5323960320011807	26524/9113/79633	3
hsa03022	Basal transcription factors	4/376	45/8112	0.15401456012752152	0.5811482735478478	0.5425635732211637	6877/6879/9519/6883	4
hsa04670	Leukocyte transendothelial migration	8/376	114/8112	0.1584458282681895	0.5813439346089314	0.5427462435813346	10451/7414/394/2770/5295/1500/71/1495	8
hsa05022	Pathways of neurodegeneration - multiple diseases	27/376	476/8112	0.15902916240023737	0.5813439346089314	0.5427462435813346	8313/5599/3800/4842/51384/627/1855/89780/3798/8851/3708/4893/51465/775/54539/56901/5709/23236/9927/1742/488/55081/1452/840/22926/5413/5701	27
hsa03015	mRNA surveillance pathway	7/376	97/8112	0.16261251987633615	0.5813439346089314	0.5427462435813346	26019/55012/8731/11051/5411/80336/11052	7
hsa04726	Serotonergic synapse	8/376	115/8112	0.16391084267076947	0.5813439346089314	0.5427462435813346	2560/3708/3356/4893/2770/775/23236/59345	8
hsa01522	Endocrine resistance	7/376	98/8112	0.1686646216336586	0.5813439346089314	0.5427462435813346	5599/2099/28514/4893/5295/4853/10498	7
hsa05231	Choline metabolism in cancer	7/376	98/8112	0.1686646216336586	0.5813439346089314	0.5427462435813346	56261/5599/6009/4893/5295/23446/9162	7
hsa03420	Nucleotide excision repair	4/376	47/8112	0.17204989173646112	0.5813439346089314	0.5427462435813346	5985/10714/8451/8450	4
hsa05131	Shigellosis	15/376	247/8112	0.1722800103135856	0.5813439346089314	0.5427462435813346	5599/8945/7414/23157/3708/64121/5581/6885/5295/382/23176/54874/10097/23236/71	15
hsa00290	Valine, leucine and isoleucine biosynthesis	1/376	4/8112	0.17293725402320737	0.5813439346089314	0.5427462435813346	587	1
hsa04662	B cell receptor signaling pathway	6/376	82/8112	0.17933880395275067	0.5813439346089314	0.5427462435813346	10451/11025/4893/5295/27071/29760	6
hsa04933	AGE-RAGE signaling pathway in diabetic complications	7/376	100/8112	0.18105984458155044	0.5813439346089314	0.5427462435813346	5599/4087/5581/4893/5295/7048/23236	7
hsa04215	Apoptosis - multiple species	3/376	32/8112	0.18351688041266287	0.5813439346089314	0.5427462435813346	5599/331/840	3
hsa04910	Insulin signaling pathway	9/376	137/8112	0.18471420834131996	0.5813439346089314	0.5427462435813346	5599/2319/5140/53632/5565/6009/4893/5295/5255	9
hsa05135	Yersinia infection	9/376	137/8112	0.18471420834131996	0.5813439346089314	0.5427462435813346	5599/10451/9815/6197/6885/5295/382/10097/71	9
hsa00910	Nitrogen metabolism	2/376	17/8112	0.18487969651874145	0.5813439346089314	0.5427462435813346	2746/760	2
hsa04916	Melanogenesis	7/376	101/8112	0.18739774583550087	0.5827863963895247	0.5440929346987937	51384/1855/89780/51176/4893/2770/23236	7
hsa00600	Sphingolipid metabolism	4/376	49/8112	0.19077417253531403	0.5857644415443396	0.5468732558215705	166929/6609/55512/55331	4
hsa04152	AMPK signaling pathway	8/376	120/8112	0.19249502849336955	0.5857644415443396	0.5468732558215705	51719/55012/10890/53632/5565/6009/6885/5295	8
hsa04130	SNARE interactions in vesicular transport	3/376	33/8112	0.19542101718782248	0.5883419985548273	0.5492796787698034	6843/8674/10228	3
hsa04720	Long-term potentiation	5/376	67/8112	0.19831774482016884	0.5907781240432398	0.5515540603862867	6197/3708/4893/775/23236	5
hsa04911	Insulin secretion	6/376	86/8112	0.2080015659516305	0.6073836870122383	0.5670571152690044	116/482/775/23236/3783/27345	6
hsa04151	PI3K-Akt signaling pathway	20/376	354/8112	0.20818451462963647	0.6073836870122383	0.5670571152690044	1021/7533/55012/2247/627/1975/6009/3673/4893/4170/5228/4915/5295/898/4602/59345/5728/8817/1946/2252	20
hsa05017	Spinocerebellar ataxia	9/376	143/8112	0.21826885279584582	0.6299725422645921	0.5881462083258793	5599/3708/6095/5295/5709/23236/488/9519/5701	9
hsa04928	Parathyroid hormone synthesis, secretion and action	7/376	106/8112	0.22037908722330254	0.6299725422645921	0.5881462083258793	4209/4208/5741/3708/2770/23236/5144	7
hsa03030	DNA replication	3/376	36/8112	0.23214957539061687	0.6569832983554458	0.6133636149794193	4176/5985/10714	3
hsa04137	Mitophagy - animal	5/376	72/8112	0.2406760394835087	0.6722787850700432	0.6276435746794898	5599/4893/22800/9927/23786	5
hsa05216	Thyroid cancer	3/376	37/8112	0.24466445714874888	0.6722787850700432	0.6276435746794898	51176/4893/5979	3
hsa04072	Phospholipase D signaling pathway	9/376	148/8112	0.24790270961622252	0.6722787850700432	0.6276435746794898	6009/4893/2917/5898/5295/382/9162/23236/22800	9
hsa00562	Inositol phosphate metabolism	5/376	73/8112	0.24943205806485702	0.6722787850700432	0.6276435746794898	8867/9110/8897/23236/5728	5
hsa04115	p53 signaling pathway	5/376	73/8112	0.24943205806485702	0.6722787850700432	0.6276435746794898	1021/5268/898/5728/575	5
hsa05222	Small cell lung cancer	6/376	92/8112	0.25371473023383767	0.677370459020529	0.6323971925391586	1021/3673/5295/898/5728/331	6
hsa04923	Regulation of lipolysis in adipocytes	4/376	56/8112	0.26054924947171754	0.6795356402745439	0.6344186189656333	5592/5140/2770/5295	4
hsa04912	GnRH signaling pathway	6/376	93/8112	0.2615963669574006	0.6795356402745439	0.6344186189656333	5599/4216/3708/4893/775/23236	6
hsa04114	Oocyte meiosis	8/376	131/8112	0.26172927487606107	0.6795356402745439	0.6344186189656333	7533/22849/8945/6197/3708/898/441272/25847	8
hsa04725	Cholinergic synapse	7/376	113/8112	0.26962547015299526	0.6924305174422959	0.6464573549489167	3708/4893/2770/5295/775/23236/59345	7
hsa00340	Histidine metabolism	2/376	22/8112	0.2715893548978616	0.6924305174422959	0.6464573549489167	84735/138199	2
hsa04724	Glutamatergic synapse	7/376	114/8112	0.2768989046688235	0.6946813701447009	0.6485587647622091	3708/2917/2770/775/23236/59345/1742	7
hsa05202	Transcriptional misregulation in cancer	11/376	192/8112	0.27738160716025156	0.6946813701447009	0.6485587647622091	4208/7468/51384/862/51804/5218/2005/7048/648/4613/5090	11
hsa04270	Vascular smooth muscle contraction	8/376	134/8112	0.28181933325121755	0.6996041342990751	0.653154687405869	5592/4627/3708/5581/775/23236/4660/27345	8
hsa05414	Dilated cardiomyopathy	6/376	96/8112	0.2856047516464459	0.7028360410082103	0.6561720152243288	781/3673/775/488/6543/71	6
hsa04666	Fc gamma R-mediated phagocytosis	6/376	97/8112	0.29371412956535403	0.716561195405131	0.6689859030935015	10451/5581/5295/382/10097/1072	6
hsa01521	EGFR tyrosine kinase inhibitor resistance	5/376	79/8112	0.30343034101458916	0.7339383462147754	0.6852093170909751	4763/2247/4893/5295/5728	5
hsa00534	Glycosaminoglycan biosynthesis - heparan sulfate / heparin	2/376	24/8112	0.3064797714205231	0.7350319941695596	0.6862303534928752	3340/2132	2
hsa04935	Growth hormone synthesis, secretion and action	7/376	119/8112	0.31394878180984076	0.7466176911948313	0.697046830909067	5599/3708/4893/2770/5295/775/23236	7
hsa04213	Longevity regulating pathway - multiple species	4/376	62/8112	0.3236384389251256	0.763247318465088	0.7125723523702329	53632/5565/4893/5295	4
hsa05166	Human T-cell leukemia virus 1 infection	12/376	222/8112	0.3333574755839009	0.7642486345982585	0.7135071872202451	5599/4087/2005/4893/5295/898/7048/3600/5728/331/9519/25847	12
hsa00310	Lysine degradation	4/376	63/8112	0.3342912014530831	0.7642486345982585	0.7135071872202451	55870/7468/2145/23067	4
hsa04972	Pancreatic secretion	6/376	102/8112	0.3348651261137246	0.7642486345982585	0.7135071872202451	683/482/3708/760/23236/488	6
hsa05142	Chagas disease	6/376	102/8112	0.3348651261137246	0.7642486345982585	0.7135071872202451	5599/4087/2770/5295/7048/23236	6
hsa05012	Parkinson disease	14/376	266/8112	0.3505633920033714	0.7736597542964961	0.7222934659788749	5599/3800/3798/3708/51465/2770/54539/56901/5709/1812/9927/22926/5413/5701	14
hsa04625	C-type lectin receptor signaling pathway	6/376	104/8112	0.35152786232530236	0.7736597542964961	0.7222934659788749	5599/1540/3708/4893/5295/22800	6
hsa04660	T cell receptor signaling pathway	6/376	104/8112	0.35152786232530236	0.7736597542964961	0.7222934659788749	5599/10451/6885/4893/5295/9402	6
hsa04611	Platelet activation	7/376	124/8112	0.3518383224557166	0.7736597542964961	0.7222934659788749	5592/3708/3673/2770/5295/23236/71	7
hsa04927	Cortisol synthesis and secretion	4/376	65/8112	0.35563539487428086	0.7736597542964961	0.7222934659788749	8622/3708/775/23236	4
hsa00062	Fatty acid elongation	2/376	27/8112	0.3581251866178127	0.7736597542964961	0.7222934659788749	79071/51495	2
hsa01040	Biosynthesis of unsaturated fatty acids	2/376	27/8112	0.3581251866178127	0.7736597542964961	0.7222934659788749	79071/51495	2
hsa04080	Neuroactive ligand-receptor interaction	18/376	353/8112	0.3718025405715803	0.7857838188226463	0.7336125665779588	116/2566/5741/2560/2908/84539/3356/2917/399967/399968/1812/5021/8862/2742/57053/7068/2150/4887	18
hsa04973	Carbohydrate digestion and absorption	3/376	47/8112	0.372726006520015	0.7857838188226463	0.7336125665779588	482/5295/23236	3
hsa04922	Glucagon signaling pathway	6/376	107/8112	0.37663510424226704	0.7857838188226463	0.7336125665779588	5140/53632/5565/3708/5255/23236	6
hsa05221	Acute myeloid leukemia	4/376	67/8112	0.3769765023840458	0.7857838188226463	0.7336125665779588	862/51176/4893/5295	4
hsa04260	Cardiac muscle contraction	5/376	87/8112	0.3776204924377381	0.7857838188226463	0.7336125665779588	781/482/775/488/6543	5
hsa04380	Osteoclast differentiation	7/376	128/8112	0.38248592837347267	0.7897147826102766	0.737282538349189	5599/1540/11025/6885/5295/7048/29760	7
hsa04664	Fc epsilon RI signaling pathway	4/376	68/8112	0.38762635203280005	0.7897147826102766	0.737282538349189	5599/10451/4893/5295	4
hsa04261	Adrenergic signaling in cardiomyocytes	8/376	150/8112	0.3938976234049764	0.7897147826102766	0.737282538349189	781/55012/482/2770/775/23236/488/6543	8
hsa05170	Human immunodeficiency virus 1 infection	11/376	212/8112	0.39432967274003644	0.7897147826102766	0.737282538349189	5599/8945/3708/6885/4893/2770/5295/8451/59345/1072/8450	11
hsa04211	Longevity regulating pathway	5/376	89/8112	0.3962526471048031	0.7897147826102766	0.737282538349189	53632/5565/6009/4893/5295	5
hsa04727	GABAergic synapse	5/376	89/8112	0.3962526471048031	0.7897147826102766	0.737282538349189	2566/2560/2770/775/59345	5
hsa04068	FoxO signaling pathway	7/376	131/8112	0.40553814637015817	0.7938777814466911	0.7411691394573906	5599/53632/5565/4893/5295/7048/5728	7
hsa04917	Prolactin signaling pathway	4/376	70/8112	0.40884782637370276	0.7938777814466911	0.7411691394573906	5599/2099/4893/5295	4
hsa05230	Central carbon metabolism in cancer	4/376	70/8112	0.40884782637370276	0.7938777814466911	0.7411691394573906	4893/5979/5295/5728	4
hsa05167	Kaposi sarcoma-associated herpesvirus infection	10/376	194/8112	0.4114074660286434	0.7938777814466911	0.7411691394573906	1021/2247/5599/1827/51176/3708/4893/4277/5295/59345	10
hsa05417	Lipid and atherosclerosis	11/376	215/8112	0.41236761085746854	0.7938777814466911	0.7411691394573906	5599/10451/57534/3708/6885/4893/5295/23236/5451/840/22926	11
hsa04668	TNF signaling pathway	6/376	112/8112	0.4185200333688742	0.8002781719148068	0.7471445830411624	5599/6885/5295/3600/9530/840	6
hsa00330	Arginine and proline metabolism	3/376	51/8112	0.4233548262437149	0.80409003910719	0.750703365504574	4842/84735/6723	3
hsa04915	Estrogen signaling pathway	7/376	138/8112	0.45907633733134756	0.8410230505072113	0.785184250241064	2099/3708/4893/2770/5295/23236/8648	7
hsa04918	Thyroid hormone synthesis	4/376	75/8112	0.46113279548721775	0.8410230505072113	0.785184250241064	482/3708/23236/4036	4
hsa05214	Glioma	4/376	75/8112	0.46113279548721775	0.8410230505072113	0.785184250241064	1021/4893/5295/5728	4
hsa05162	Measles	7/376	139/8112	0.4666563812775054	0.8410230505072113	0.785184250241064	1021/5599/6885/5295/51209/898/4179	7
hsa05415	Diabetic cardiomyopathy	10/376	203/8112	0.46822446136444706	0.8410230505072113	0.785184250241064	5599/4087/5166/5295/7048/54539/56901/23236/5728/488	10
hsa05165	Human papillomavirus infection	16/376	331/8112	0.46837696127092865	0.8410230505072113	0.785184250241064	1021/55012/8313/51384/1855/89780/6009/3673/4893/10207/5295/898/4853/5728/9519/1452	16
hsa05215	Prostate cancer	5/376	97/8112	0.4699016027997156	0.8410230505072113	0.785184250241064	51176/4893/5295/898/5728	5
hsa05133	Pertussis	4/376	76/8112	0.47140931700735766	0.8410230505072113	0.785184250241064	5599/2770/1072/840	4
hsa05220	Chronic myeloid leukemia	4/376	76/8112	0.47140931700735766	0.8410230505072113	0.785184250241064	1021/4893/5295/7048	4
hsa04722	Neurotrophin signaling pathway	6/376	119/8112	0.47648068689976797	0.8410230505072113	0.785184250241064	5599/627/6197/4893/4915/5295	6
hsa00564	Glycerophospholipid metabolism	5/376	98/8112	0.47893558508698253	0.8410230505072113	0.785184250241064	56261/9926/55500/9162/23659	5
hsa04925	Aldosterone synthesis and secretion	5/376	98/8112	0.47893558508698253	0.8410230505072113	0.785184250241064	482/3708/5581/775/23236	5
hsa04621	NOD-like receptor signaling pathway	9/376	184/8112	0.48331864708953576	0.8410230505072113	0.785184250241064	5599/3708/118429/56919/6885/23236/331/6041/9927	9
hsa00533	Glycosaminoglycan biosynthesis - keratan sulfate	1/376	14/8112	0.4857169574124808	0.8410230505072113	0.785184250241064	9435	1
hsa00760	Nicotinate and nicotinamide metabolism	2/376	35/8112	0.4873773154882779	0.8410230505072113	0.785184250241064	683/23408	2
hsa05134	Legionellosis	3/376	57/8112	0.49638709324941743	0.8513790750883947	0.7948526979623847	81876/23786/840	3
hsa03018	RNA degradation	4/376	79/8112	0.5017816841307023	0.855089264476377	0.7983165534073671	7832/5394/246175/80336	4
hsa00730	Thiamine metabolism	1/376	15/8112	0.5095957452629263	0.855089264476377	0.7983165534073671	204	1
hsa00250	Alanine, aspartate and glutamate metabolism	2/376	37/8112	0.5171179265255175	0.855089264476377	0.7983165534073671	339983/2746	2
hsa04960	Aldosterone-regulated sodium reabsorption	2/376	37/8112	0.5171179265255175	0.855089264476377	0.7983165534073671	482/5295	2
hsa05143	African trypanosomiasis	2/376	37/8112	0.5171179265255175	0.855089264476377	0.7983165534073671	23236/2150	2
hsa04330	Notch signaling pathway	3/376	59/8112	0.5197008957241585	0.855089264476377	0.7983165534073671	1855/28514/4853	3
hsa04370	VEGF signaling pathway	3/376	59/8112	0.5197008957241585	0.855089264476377	0.7983165534073671	4893/5295/9047	3
hsa05416	Viral myocarditis	3/376	60/8112	0.5311370129091353	0.8565058797026974	0.7996391140240917	27/941/71	3
hsa04064	NF-kappa B signaling pathway	5/376	104/8112	0.5319353530784598	0.8565058797026974	0.7996391140240917	1896/1540/6885/331/29760	5
hsa04620	Toll-like receptor signaling pathway	5/376	104/8112	0.5319353530784598	0.8565058797026974	0.7996391140240917	5599/6885/5295/941/4283	5
hsa00230	Purine metabolism	6/376	126/8112	0.5326679675889567	0.8565058797026974	0.7996391140240917	8622/5140/204/3251/5634/5144	6
hsa00513	Various types of N-glycan biosynthesis	2/376	39/8112	0.5456918415441958	0.872490345519816	0.8145623088170868	83539/6185	2
hsa05033	Nicotine addiction	2/376	40/8112	0.5595303301340675	0.8806874111733547	0.8222151393137886	2566/2560	2
hsa04012	ErbB signaling pathway	4/376	85/8112	0.5600757740450677	0.8806874111733547	0.8222151393137886	27/5599/4893/5295	4
hsa05016	Huntington disease	14/376	306/8112	0.5601545371420631	0.8806874111733547	0.8222151393137886	5599/3800/627/3798/3708/54539/56901/5709/23236/5435/1742/9519/55081/5701	14
hsa03440	Homologous recombination	2/376	41/8112	0.5730660325513924	0.896009321613503	0.8365197683652195	50511/10714	2
hsa04932	Non-alcoholic fatty liver disease	7/376	155/8112	0.5831041827925194	0.9066949655510055	0.846495950728296	5599/53632/5565/5295/54539/56901/840	7
hsa01210	2-Oxocarboxylic acid metabolism	1/376	19/8112	0.5945510262484661	0.9194422974224913	0.8583969375229509	587	1
hsa05145	Toxoplasmosis	5/376	112/8112	0.5985572914579543	0.9206071384923972	0.8594844402514104	5599/6885/2770/331/3588	5
hsa04217	Necroptosis	7/376	159/8112	0.6102725932305555	0.9233449226448086	0.862040452236738	5599/1540/3015/2746/6609/331/9131	7
hsa04962	Vasopressin-regulated water reabsorption	2/376	44/8112	0.6118430998207215	0.9233449226448086	0.862040452236738	1783/1780	2
hsa00532	Glycosaminoglycan biosynthesis - chondroitin sulfate / dermatan sulfate	1/376	20/8112	0.6133881464919577	0.9233449226448086	0.862040452236738	50515	1
hsa00670	One carbon pool by folate	1/376	20/8112	0.6133881464919577	0.9233449226448086	0.862040452236738	4524	1
hsa04920	Adipocytokine signaling pathway	3/376	69/8112	0.6267196990232928	0.9334824990715361	0.8715049554285125	5599/53632/5565	3
hsa05211	Renal cell carcinoma	3/376	69/8112	0.6267196990232928	0.9334824990715361	0.8715049554285125	405/4893/5295	3
hsa00770	Pantothenate and CoA biosynthesis	1/376	21/8112	0.6313523156613872	0.9354591902207988	0.8733504063433905	587	1
hsa03050	Proteasome	2/376	46/8112	0.6361690617450289	0.9376866899679331	0.8754300136951878	5709/5701	2
hsa04714	Thermogenesis	10/376	232/8112	0.6397468210305028	0.9380743541535354	0.8757919393436391	5592/6197/53632/5565/6009/4893/54539/56901/71/788	10
hsa00900	Terpenoid backbone biosynthesis	1/376	22/8112	0.6484838852215551	0.9459842243180416	0.8831766423798717	9986	1
hsa00515	Mannose type O-glycan biosynthesis	1/376	23/8112	0.6648213461803555	0.9599206171889827	0.8961877437769562	729920	1
hsa03060	Protein export	1/376	23/8112	0.6648213461803555	0.9599206171889827	0.8961877437769562	9789	1
hsa04672	Intestinal immune network for IgA production	2/376	49/8112	0.6703967007498868	0.9630571894021216	0.8991160667284082	941/3600	2
hsa00270	Cysteine and methionine metabolism	2/376	50/8112	0.6812127821250986	0.9658226131001166	0.9016978831620952	587/6723	2
hsa05110	Vibrio cholerae infection	2/376	50/8112	0.6812127821250986	0.9658226131001166	0.9016978831620952	9414/71	2
hsa01230	Biosynthesis of amino acids	3/376	75/8112	0.6825601506007891	0.9658226131001166	0.9016978831620952	5009/5634/587	3
hsa04514	Cell adhesion molecules	6/376	149/8112	0.6954091077812896	0.9791083457816167	0.9141015242372542	5818/9378/1462/941/8506/5797	6
hsa00563	Glycosylphosphatidylinositol (GPI)-anchor biosynthesis	1/376	26/8112	0.7094278501282965	0.9939013939916231	0.9279124042845358	9488	1
hsa05163	Human cytomegalovirus infection	9/376	225/8112	0.7227820279119903	0.9976890216875416	0.9314485566061854	1021/3708/6009/4893/2770/5295/23236/59345/3588	9
hsa04966	Collecting duct acid secretion	1/376	27/8112	0.7229394910325461	0.9976890216875416	0.9314485566061854	760	1
hsa05169	Epstein-Barr virus infection	8/376	202/8112	0.7260848192162597	0.9976890216875416	0.9314485566061854	1021/5599/6885/5295/898/5709/29760/5701	8
hsa05020	Prion disease	11/376	273/8112	0.7274665366966409	0.9976890216875416	0.9314485566061854	5599/3800/3798/3708/5295/775/54539/56901/5709/859/5701	11
hsa05160	Hepatitis C	6/376	157/8112	0.742225173289341	0.9976890216875416	0.9314485566061854	1021/7533/439996/4893/5295/6041	6
hsa04659	Th17 cell differentiation	4/376	108/8112	0.7443224275477957	0.9976890216875416	0.9314485566061854	5599/4087/6095/7048	4
hsa01212	Fatty acid metabolism	2/376	57/8112	0.7489943113714532	0.9976890216875416	0.9314485566061854	79071/51495	2
hsa00030	Pentose phosphate pathway	1/376	30/8112	0.7598288539456434	0.9976890216875416	0.9314485566061854	5634	1
hsa01523	Antifolate resistance	1/376	30/8112	0.7598288539456434	0.9976890216875416	0.9314485566061854	4524	1
hsa04742	Taste transduction	3/376	86/8112	0.7683350587485799	0.9976890216875416	0.9314485566061854	6326/775/23236	3
hsa05161	Hepatitis B	6/376	162/8112	0.7687530422651994	0.9976890216875416	0.9314485566061854	5599/6885/4893/5295/898/7048	6
hsa05034	Alcoholism	7/376	187/8112	0.7707883952819323	0.9976890216875416	0.9314485566061854	627/3015/4893/2770/4915/1812/59345	7
hsa00410	beta-Alanine metabolism	1/376	31/8112	0.771002369278041	0.9976890216875416	0.9314485566061854	84735	1
hsa04978	Mineral absorption	2/376	60/8112	0.7740411541504268	0.9976890216875416	0.9314485566061854	482/6543	2
hsa04613	Neutrophil extracellular trap formation	7/376	190/8112	0.7846908198066985	0.9976890216875416	0.9314485566061854	3015/6885/5295/1184/23236/1182/71	7
hsa05235	PD-L1 expression and PD-1 checkpoint pathway in cancer	3/376	89/8112	0.7881693769379272	0.9976890216875416	0.9314485566061854	4893/5295/5728	3
hsa04062	Chemokine signaling pathway	7/376	192/8112	0.7936052821504207	0.9976890216875416	0.9314485566061854	10451/4893/2770/5295/23236/59345/4283	7
hsa04936	Alcoholic liver disease	5/376	142/8112	0.7943929970961342	0.9976890216875416	0.9314485566061854	5599/53632/5565/51176/6885	5
hsa00040	Pentose and glucuronate interconversions	1/376	34/8112	0.8015067565197158	0.9976890216875416	0.9314485566061854	729920	1
hsa03020	RNA polymerase	1/376	34/8112	0.8015067565197158	0.9976890216875416	0.9314485566061854	5435	1
hsa04658	Th1 and Th2 cell differentiation	3/376	92/8112	0.8065777022242313	0.9976890216875416	0.9314485566061854	5599/28514/4853	3
hsa05321	Inflammatory bowel disease	2/376	65/8112	0.8109526828186642	0.9976890216875416	0.9314485566061854	4087/6095	2
hsa04141	Protein processing in endoplasmic reticulum	6/376	171/8112	0.8113061283333447	0.9976890216875416	0.9314485566061854	5599/51465/6185/10808/10956/22926	6
hsa05164	Influenza A	6/376	171/8112	0.8113061283333447	0.9976890216875416	0.9314485566061854	1021/402569/5295/3836/6041/71	6
hsa05323	Rheumatoid arthritis	3/376	93/8112	0.8124077273296053	0.9976890216875416	0.9314485566061854	5741/941/3600	3
hsa05130	Pathogenic Escherichia coli infection	7/376	197/8112	0.8146728326572612	0.9976890216875416	0.9314485566061854	5599/4627/6885/382/10097/71/840	7
hsa00970	Aminoacyl-tRNA biosynthesis	2/376	66/8112	0.8176577268071139	0.9976890216875416	0.9314485566061854	3376/283459	2
hsa05208	Chemical carcinogenesis - reactive oxygen species	8/376	223/8112	0.8186861406384668	0.9976890216875416	0.9314485566061854	27/5599/405/4893/5295/54539/56901/5728	8
hsa00512	Mucin type O-glycan biosynthesis	1/376	36/8112	0.8195560047482917	0.9976890216875416	0.9314485566061854	51809	1
hsa01250	Biosynthesis of nucleotide sugars	1/376	37/8112	0.8279570624767021	0.9976890216875416	0.9314485566061854	64841	1
hsa00830	Retinol metabolism	2/376	68/8112	0.8304331925969564	0.9976890216875416	0.9314485566061854	51109/157506	2
hsa05330	Allograft rejection	1/376	38/8112	0.8359679782053411	0.9976890216875416	0.9314485566061854	941	1
hsa05340	Primary immunodeficiency	1/376	38/8112	0.8359679782053411	0.9976890216875416	0.9314485566061854	29760	1
hsa05031	Amphetamine addiction	2/376	69/8112	0.8365141924051255	0.9976890216875416	0.9314485566061854	775/1812	2
hsa04145	Phagosome	5/376	152/8112	0.8400623226096654	0.9976890216875416	0.9314485566061854	4842/1783/3673/1780/71	5
hsa05219	Bladder cancer	1/376	41/8112	0.8578364566682033	0.9976890216875416	0.9314485566061854	4893	1
hsa05146	Amoebiasis	3/376	102/8112	0.8584756960286153	0.9976890216875416	0.9314485566061854	7414/5295/23236	3
hsa01524	Platinum drug resistance	2/376	73/8112	0.8589147658759513	0.9976890216875416	0.9314485566061854	5295/331	2
hsa04974	Protein digestion and absorption	3/376	103/8112	0.8629300483499911	0.9976890216875416	0.9314485566061854	482/3783/6543	3
hsa04650	Natural killer cell mediated cytotoxicity	4/376	131/8112	0.8634257294348762	0.9976890216875416	0.9314485566061854	10451/4893/4277/5295	4
hsa00380	Tryptophan metabolism	1/376	42/8112	0.8644593648942912	0.9976890216875416	0.9314485566061854	64577	1
hsa05332	Graft-versus-host disease	1/376	42/8112	0.8644593648942912	0.9976890216875416	0.9314485566061854	941	1
hsa04142	Lysosome	4/376	132/8112	0.8673094464133082	0.9976890216875416	0.9314485566061854	9741/23163/23659/6609	4
hsa00860	Porphyrin metabolism	1/376	43/8112	0.8707745171619179	0.9976890216875416	0.9314485566061854	210	1
hsa04940	Type I diabetes mellitus	1/376	43/8112	0.8707745171619179	0.9976890216875416	0.9314485566061854	941	1
hsa02010	ABC transporters	1/376	45/8112	0.8825379525792272	0.9999998693405256	0.933605978071311	340273	1
hsa04060	Cytokine-cytokine receptor interaction	10/376	295/8112	0.8845333088124249	0.9999998693405256	0.933605978071311	93/1896/56300/7048/3600/3588/659/92/90/4283	10
hsa00983	Drug metabolism - other enzymes	2/376	80/8112	0.8914794221559628	0.9999998693405256	0.933605978071311	7084/3251	2
hsa00280	Valine, leucine and isoleucine degradation	1/376	48/8112	0.898210745819818	0.9999998693405256	0.933605978071311	587	1
hsa00520	Amino sugar and nucleotide sugar metabolism	1/376	49/8112	0.9029568717587749	0.9999998693405256	0.933605978071311	64841	1
hsa00565	Ether lipid metabolism	1/376	49/8112	0.9029568717587749	0.9999998693405256	0.933605978071311	5049	1
hsa00510	N-Glycan biosynthesis	1/376	50/8112	0.9074822613431357	0.9999998693405256	0.933605978071311	6185	1
hsa04979	Cholesterol metabolism	1/376	50/8112	0.9074822613431357	0.9999998693405256	0.933605978071311	4036	1
hsa05203	Viral carcinogenesis	6/376	204/8112	0.9171358164120615	0.9999998693405256	0.933605978071311	1021/7533/4893/5295/898/9519	6
hsa05320	Autoimmune thyroid disease	1/376	53/8112	0.9198340653283581	0.9999998693405256	0.933605978071311	941	1
hsa04976	Bile secretion	2/376	89/8112	0.9231343231503764	0.9999998693405256	0.933605978071311	482/760	2
hsa01240	Biosynthesis of cofactors	4/376	153/8112	0.929454869621057	0.9999998693405256	0.933605978071311	204/51109/587/210	4
hsa04657	IL-17 signaling pathway	2/376	94/8112	0.9367399003343404	0.9999998693405256	0.933605978071311	5599/6885	2
hsa00240	Pyrimidine metabolism	1/376	58/8112	0.9368734776776156	0.9999998693405256	0.933605978071311	7084	1
hsa00480	Glutathione metabolism	1/376	58/8112	0.9368734776776156	0.9999998693405256	0.933605978071311	6723	1
hsa00561	Glycerolipid metabolism	1/376	61/8112	0.9453093118043925	0.9999998693405256	0.933605978071311	9162	1
hsa04630	JAK-STAT signaling pathway	4/376	162/8112	0.9469184593590767	0.9999998693405256	0.933605978071311	4170/5295/3600/3588	4
hsa04061	Viral protein interaction with cytokine and cytokine receptor	2/376	100/8112	0.9500617298934753	0.9999998693405256	0.933605978071311	3588/4283	2
hsa04623	Cytosolic DNA-sensing pathway	1/376	63/8112	0.9502986871919699	0.9999998693405256	0.933605978071311	5435	1
hsa05014	Amyotrophic lateral sclerosis	11/376	364/8112	0.9552903055768385	0.9999998693405256	0.933605978071311	10762/3800/4842/3181/3798/54539/56901/5709/71/22926/5701	11
hsa05120	Epithelial cell signaling in Helicobacter pylori infection	1/376	70/8112	0.9644470861175667	0.9999998693405256	0.933605978071311	5599	1
hsa03008	Ribosome biogenesis in eukaryotes	2/376	109/8112	0.9651483015194524	0.9999998693405256	0.933605978071311	51119/51068	2
hsa04066	HIF-1 signaling pathway	2/376	109/8112	0.9651483015194524	0.9999998693405256	0.933605978071311	405/5295	2
hsa01200	Carbon metabolism	2/376	115/8112	0.9726610984169779	0.9999998693405256	0.933605978071311	2746/5634	2
hsa05168	Herpes simplex virus 1 infection	15/376	495/8112	0.9745688027888587	0.9999998693405256	0.933605978071311	340252/5818/29915/6009/6885/5295/57786/7733/6041/5451/147694/7639/84924/55900/90594	15
hsa05140	Leishmaniasis	1/376	77/8112	0.9745754795765038	0.9999998693405256	0.933605978071311	6885	1
hsa04610	Complement and coagulation cascades	1/376	85/8112	0.9826752118575486	0.9999998693405256	0.933605978071311	4179	1
hsa04512	ECM-receptor interaction	1/376	88/8112	0.9849978062112916	0.9999998693405256	0.933605978071311	3673	1
hsa00190	Oxidative phosphorylation	2/376	134/8112	0.9874986829004759	0.9999998693405256	0.933605978071311	54539/56901	2
hsa05322	Systemic lupus erythematosus	2/376	136/8112	0.9884995158604882	0.9999998693405256	0.933605978071311	3015/941	2
hsa04640	Hematopoietic cell lineage	1/376	99/8112	0.9911542463389795	0.9999998693405256	0.933605978071311	3673	1
hsa05171	Coronavirus disease - COVID-19	4/376	232/8112	0.9952881278003766	0.9999998693405256	0.933605978071311	5599/6164/6885/5295	4
hsa05152	Tuberculosis	2/376	180/8112	0.9982402503288283	0.9999998693405256	0.933605978071311	5599/3588	2
hsa03040	Spliceosome	1/376	147/8112	0.9991253390924795	0.9999998693405256	0.933605978071311	51645	1
hsa03010	Ribosome	1/376	158/8112	0.9994863379264232	0.9999998693405256	0.933605978071311	6164	1
hsa04740	Olfactory transduction	3/376	440/8112	0.9999998693405256	0.9999998693405256	0.933605978071311	441670/5592/6543	3
